Date,Open,High,Low,Last,Volume,PE
20121214,16.75,16.75,16.42,16.45,76029680,NaN
20121217,16.64,16.64,16.45,16.55,6087243,NaN
20121218,16.58,16.58,16.42,16.43,12837833,NaN
20121219,16.43,16.48,16.42,16.45,10520558,NaN
20121220,16.52,16.52,16.44,16.46,4029066,NaN
20121221,16.46,16.52,16.43,16.45,4770436,NaN
20121224,16.45,16.52,16.45,16.49,107048,NaN
20121226,16.52,16.55,16.44,16.46,195880,NaN
20121227,16.49,16.55,16.44,16.55,662193,NaN
20121228,16.58,16.65,16.43,16.64,538470,NaN
20121231,16.65,16.88,16.52,16.85,270506,NaN
20130102,16.95,16.95,16.43,16.53,1540689,NaN
20130103,16.55,16.55,16.45,16.49,1010304,NaN
20130104,16.49,16.55,16.41,16.5,6526686,NaN
20130107,16.49,16.59,16.43,16.48,2332621,NaN
20130108,16.44,16.53,16.44,16.51,2321192,NaN
20130109,16.45,16.81,16.45,16.64,2250193,NaN
20130110,16.65,16.78,16.55,16.64,1240475,NaN
20130111,16.69,16.84,16.49,16.75,955048,NaN
20130114,16.75,16.85,16.68,16.75,1302773,NaN
20130115,16.81,16.85,16.75,16.83,1759101,NaN
20130116,16.85,17.67,16.81,17.5,2440540,NaN
20130117,17.41,17.67,17.08,17.48,2308554,NaN
20130118,17.6,17.73,17.41,17.67,2456791,NaN
20130121,17.73,17.73,17.48,17.54,891206,NaN
20130122,17.56,17.57,17.08,17.4,1499858,NaN
20130123,17.41,17.72,17.12,17.6,3984314,NaN
20130124,17.63,18.85,17.6,18.56,8834013,NaN
20130125,18.26,18.69,18.23,18.63,3988976,NaN
20130128,18.77,18.79,18.08,18.52,3100649,NaN
20130129,18.75,18.77,18.14,18.49,6122061,NaN
20130130,18.58,19.82,18.4,18.83,10188728,NaN
20130131,19.05,19.73,18.92,19.55,3425798,NaN
20130201,19.55,20.36,19.55,20.21,5681787,NaN
20130205,20.3,21.68,19.59,19.84,5807145,NaN
20130206,19.87,20.32,19.41,19.51,5795743,NaN
20130207,19.67,19.7,19.12,19.47,2677489,NaN
20130208,19.47,19.7,18.93,19.4,1867371,NaN
20130211,19.44,19.69,19.13,19.53,1629618,NaN
20130212,19.18,19.67,19.16,19.51,3923543,NaN
20130213,19.37,19.69,19.34,19.61,4285281,NaN
20130214,19.69,19.69,19.38,19.51,5556020,NaN
20130215,19.56,19.7,19.51,19.65,2626633,NaN
20130218,19.67,19.69,19.51,19.57,507949,NaN
20130219,19.57,19.67,19.33,19.59,2398792,NaN
20130220,19.57,19.67,19.47,19.55,4374215,NaN
20130221,19.59,19.59,19.38,19.42,1120831,NaN
20130222,19.38,19.59,19.28,19.44,1913320,NaN
20130225,19.61,19.61,19.38,19.51,730104,NaN
20130226,19.38,19.51,19.21,19.28,3888737,NaN
20130227,19.3,19.3,18.92,19.07,2908657,NaN
20130228,19.24,19.24,18.77,19,4192352,NaN
20130301,18.81,19.12,18.39,19.05,9188377,NaN
20130304,19.05,19.3,19.02,19.19,1486379,NaN
20130305,19.05,19.24,19.05,19.07,3848815,NaN
20130306,19.1,19.11,18.79,18.92,1729319,NaN
20130307,18.92,18.92,18.65,18.71,1887923,NaN
20130308,18.73,18.84,18.7,18.73,2096384,NaN
20130311,18.79,19.05,18.72,19.02,3482822,NaN
20130312,19.02,19.38,18.94,19.28,6184581,NaN
20130313,19.28,19.38,19.05,19.3,9018971,NaN
20130314,19.33,19.49,19.05,19.28,2296104,NaN
20130315,19.35,19.35,18.83,19.17,5317451,NaN
20130319,19.17,19.17,18.06,18.41,5061632,NaN
20130320,18.79,18.79,18.29,18.38,4912703,NaN
20130321,18.33,18.46,17.7,17.77,1565775,NaN
20130322,18.38,18.39,17.87,18.04,1191147,NaN
20130325,18.15,18.38,18.06,18.09,498402,NaN
20130326,18.23,18.23,17.86,17.9,1033816,NaN
20130327,18.06,18.12,18.04,18.06,1493769,NaN
20130401,18.06,18.06,17.74,18.04,1366664,NaN
20130402,17.97,18.19,17.74,17.87,11262556,NaN
20130403,17.93,18.06,17.75,17.81,2580018,NaN
20130404,17.87,18.32,17.86,18.13,5262336,NaN
20130405,18.05,18.06,18.03,18.06,1115840,NaN
20130408,18.05,18.26,17.77,18.19,3875057,NaN
20130409,18.03,18.79,18.03,18.75,2489013,NaN
20130410,18.75,19.15,18.49,19.03,3114779,NaN
20130411,19.06,19.53,19.05,19.51,3338038,NaN
20130412,19.38,19.38,18.81,19.09,3407336,NaN
20130415,19.05,19.18,18.73,19,4504625,NaN
20130416,19.23,19.64,19.11,19.46,1579004,NaN
20130417,19.38,19.68,19.38,19.65,4098523,NaN
20130418,19.54,20.49,19.54,19.79,2871185,NaN
20130419,20.14,20.23,19.34,19.72,1781173,NaN
20130422,19.84,19.84,19.51,19.64,1993813,NaN
20130423,19.78,19.78,19.04,19.51,940258,NaN
20130424,19.51,19.86,19.48,19.7,1809192,NaN
20130425,19.7,19.84,19.51,19.71,3069900,NaN
20130426,19.81,19.85,18.85,19.04,859667,NaN
20130429,19.05,19.24,18.9,18.97,3963293,NaN
20130430,19.09,19.64,18.91,19.26,2657104,NaN
20130502,19.26,19.64,19.25,19.4,2394642,NaN
20130503,19.67,19.7,19.38,19.68,2119285,NaN
20130506,19.78,19.78,19.41,19.65,1765179,NaN
20130507,19.77,20.36,19.65,20.18,3315061,NaN
20130508,20.18,20.43,19.9,20.23,11347726,NaN
20130509,20.24,21.01,20.24,20.54,5172724,NaN
20130510,20.55,20.98,20.36,20.85,1988738,NaN
20130513,20.98,21.46,20.98,21.35,1866178,NaN
20130514,21.34,21.34,20.78,21.14,1892598,NaN
20130515,21.08,21.08,20.62,20.73,2361054,NaN
20130516,21.01,21.32,20.61,21.04,2377477,NaN
20130517,20.94,21.34,20.92,21.3,507219,NaN
20130520,21.22,21.44,21.15,21.35,1668838,NaN
20130521,21.18,21.41,21.11,21.18,2415278,NaN
20130522,21.14,21.28,21.11,21.2,2312639,NaN
20130523,20.91,22.34,20.34,21.72,5543187,NaN
20130524,21.68,22.06,21.48,21.88,3287914,NaN
20130527,22.01,22.01,21.68,21.86,587957,NaN
20130528,21.72,22.48,21.72,22.21,8905524,NaN
20130529,22.09,22.2,20.82,21.44,2670351,NaN
20130530,21.01,21.76,20.54,21.04,2468363,NaN
20130531,21.04,21.48,20.81,21.11,9909614,NaN
20130603,21.24,21.28,19.86,20.1,2838353,NaN
20130604,20.21,20.51,20.18,20.33,1989892,NaN
20130605,20.38,20.38,19.86,19.9,1096377,NaN
20130606,19.88,20,19.02,19.85,5182655,NaN
20130607,20.01,20.78,19.82,20.58,2503077,NaN
20130610,20.75,20.78,20.34,20.7,4293482,NaN
20130611,20.68,20.68,19.88,20.06,4555362,NaN
20130612,20.21,20.21,19.08,19.42,1606132,NaN
20130613,19.44,19.67,19.07,19.44,2129821,NaN
20130614,19.6,19.67,18.66,18.74,1652870,NaN
20130617,18.9,18.9,18.04,18.24,2093098,NaN
20130618,18.6,18.6,18.01,18.28,1806267,NaN
20130619,18.43,18.58,18.22,18.46,2256864,NaN
20130620,18.21,18.44,18.01,18.22,1045105,NaN
20130621,18.58,18.58,17.66,18.26,3588290,NaN
20130624,18.12,18.28,17.01,18.03,5708321,NaN
20130625,18.18,18.54,17.19,17.46,1161569,NaN
20130626,17.67,18,17.46,17.8,4283809,NaN
20130627,18.04,18.44,17.61,18.2,3423775,NaN
20130628,18.08,18.8,18.02,18.61,3266945,NaN
20130701,18.66,19.21,18.18,19.03,1699161,NaN
20130702,19.08,19.24,19.06,19.22,3884414,NaN
20130703,19.02,19.34,18.41,19.14,1750951,NaN
20130704,19.14,19.34,19.14,19.18,369558,NaN
20130705,19.1,19.14,18.38,18.52,2409179,NaN
20130708,18.48,18.67,17.89,18.02,1181454,NaN
20130709,18.24,18.44,17.8,17.96,1178262,NaN
20130710,18.04,18.14,17.76,17.88,2572532,NaN
20130711,18.12,18.68,17.97,18.2,3355359,NaN
20130712,18.34,18.67,18.14,18.35,725901,NaN
20130715,18.34,19.02,18.18,18.4,845360,NaN
20130716,18.2,18.54,17.88,17.96,1069582,NaN
20130717,18.01,18.14,17.88,18.05,1846601,NaN
20130718,18.18,18.24,18.14,18.18,269853,NaN
20130719,18.47,18.47,18.14,18.18,475748,NaN
20130722,18.48,18.48,18.01,18.12,431811,NaN
20130723,18.01,18.47,18.01,18.33,1473011,NaN
20130724,18.33,18.47,18.01,18.1,2373310,NaN
20130725,18.2,18.44,18.08,18.18,518483,NaN
20130726,18.33,18.34,17.98,18.15,1376543,NaN
20130729,17.88,18,17.34,17.63,1709321,NaN
20130730,17.93,17.93,17.21,17.27,2070625,NaN
20130731,17.02,17.52,17.02,17.18,1741509,NaN
20130801,17.11,18.34,17.11,17.77,2483820,NaN
20130802,17.77,17.77,17.44,17.48,1829203,NaN
20130805,17.84,17.84,17.21,17.32,794939,NaN
20130806,17.64,17.67,17.03,17.24,1775871,NaN
20130807,17.19,17.34,17.04,17.16,1036439,NaN
20130808,17.18,17.18,16.67,16.92,1331036,NaN
20130809,16.9,16.98,16.69,16.75,688158,NaN
20130812,16.67,17.28,16.67,17.04,958740,NaN
20130813,17.06,17.81,17.06,17.3,3304863,NaN
20130814,17.61,17.98,17.29,17.66,2607642,NaN
20130815,17.64,17.64,16.87,16.94,2698556,NaN
20130816,17.02,17.02,16.13,16.31,1657320,NaN
20130819,16.49,16.49,15.04,15.33,2550794,NaN
20130820,15.51,16.3,15.34,15.74,5554865,NaN
20130821,15.71,15.91,15.45,15.5,1984156,NaN
20130822,15.68,15.74,15,15.55,2148841,NaN
20130823,15.95,15.95,15.23,15.53,2414650,NaN
20130826,15.3,15.31,14.85,15.01,1037739,NaN
20130827,15.02,15.02,14.09,14.3,3770483,NaN
20130828,14.28,14.62,14.01,14.18,3177873,NaN
20130829,14.28,14.96,14.21,14.83,12995095,NaN
20130830,15.28,16.68,14.69,16.55,12711341,NaN
20130902,16.55,16.66,15.44,16.06,876258,NaN
20130903,16.06,16.21,15.59,16.06,2005389,NaN
20130904,15.96,16.57,15.5,15.85,3221994,NaN
20130905,15.64,15.81,15.64,15.66,669588,NaN
20130906,16.29,16.36,15.7,16.12,4563306,NaN
20130909,15.65,16.39,15.64,16.31,950916,NaN
20130910,16.53,16.66,15.98,16.29,2340336,NaN
20130911,16.32,16.32,15.99,16.22,574800,NaN
20130912,16.28,16.39,16.22,16.28,4241045,NaN
20130913,16.52,16.52,16.25,16.26,856791,NaN
20130917,16.29,16.32,16,16.01,2562724,NaN
20130918,16.19,16.37,15.71,16.32,8638902,NaN
20130919,16.36,16.59,16.32,16.32,8860870,NaN
20130920,16.53,16.59,16.32,16.4,14633240,NaN
20130923,16.25,16.46,16.21,16.4,1600814,NaN
20130924,16.45,16.46,16.11,16.13,2837210,NaN
20130925,16.25,16.25,16.08,16.18,1492883,NaN
20130926,16.08,16.19,15.96,16,4269886,NaN
20130927,15.96,16.05,15.4,15.76,2581033,NaN
20130930,15.57,15.57,14.94,15.17,8581090,50.7045
20131001,15.24,15.58,14.96,15.09,12109782,50.4318
20131002,15,15.06,14.7,14.73,3610029,49.2273
20131003,14.69,14.95,14.35,14.52,5042798,48.5227
20131004,14.62,14.62,14.19,14.32,8134742,47.8409
20131007,14.36,14.87,14.36,14.49,3147487,48.4091
20131008,14.49,15.13,14.42,14.8,3441626,49.4545
20131009,14.92,15.19,14.42,14.79,3285696,49.4091
20131010,14.71,15.42,14.71,15.22,6494094,50.8636
20131011,15.06,15.62,15.06,15.57,2150210,52.0227
20131014,15.51,15.94,15.43,15.81,3251765,52.8409
20131015,15.81,15.93,15.64,15.69,8804127,52.4318
20131016,15.73,15.98,15.54,15.56,1698648,52
20131017,15.55,15.74,15.37,15.47,4490832,51.6818
20131018,15.77,16.12,15.76,16.04,2627355,53.6136
20131021,16.05,16.17,15.51,15.63,1103204,52.2273
20131022,15.49,16.12,15.38,16,2792430,53.4545
20131023,16,16.12,15.91,15.98,1402870,53.4091
20131024,15.98,16.11,15.64,15.95,6475078,53.2955
20131025,15.82,16.32,15.71,16.2,6589718,54.1364
20131028,15.98,16.19,15.8,16.08,1350316,53.7273
20131029,16.04,16.08,15.89,16.06,3995279,53.6818
20131030,16.04,16.32,15.83,16.17,1353093,54.0455
20131031,16.19,16.32,16.05,16.31,2077110,54.5
20131101,16.32,16.66,16.32,16.51,1772880,54.0227
20131104,16.5,16.73,16.42,16.64,2152536,54.4318
20131105,16.33,16.7,16.32,16.6,1129729,54.3182
20131106,16.6,16.61,16.2,16.55,1405544,54.1591
20131107,16.7,16.74,16.53,16.68,2236792,54.5682
20131108,16.74,16.74,16.05,16.19,4136672,52.9773
20131111,16.8,16.8,15.98,16.15,1730083,52.8409
20131112,16.11,16.32,15.29,15.72,1350033,51.4318
20131113,15.57,15.82,15.34,15.59,496052,51.0227
20131114,15.7,15.98,15.64,15.68,1954093,51.2955
20131115,15.81,16.32,15.74,15.84,1432833,51.8409
20131119,15.92,16.32,15.66,15.9,808196,52.0227
20131120,15.81,16.28,15.5,15.76,1506479,51.5682
20131121,15.63,16.11,15.39,15.59,1680391,51.0227
20131122,15.79,15.79,15.21,15.3,6156902,50.0682
20131125,15.5,15.8,15.07,15.59,1856207,51
20131126,15.8,16.02,15.45,15.55,5716292,50.8636
20131127,15.77,15.87,15.46,15.77,3312910,51.5909
20131128,15.73,15.91,15.66,15.77,419436,51.6136
20131129,15.84,16.3,15.83,15.98,967968,52.2955
20131202,15.84,16.5,15.73,16.39,825459,53.6364
20131203,16.38,16.44,16.05,16.34,1300444,53.4773
20131204,16.26,16.62,15.56,16.59,1190178,54.2727
20131205,16.57,16.74,16.32,16.52,2303858,54.0455
20131206,16.67,16.67,16.39,16.53,4881459,54.0909
20131209,16.66,16.66,16.14,16.25,1411568,53.1818
20131210,16.25,16.74,16.25,16.65,1437530,54.4773
20131211,16.66,16.67,16.3,16.34,1058672,53.4545
20131213,16.41,16.66,16.05,16.32,2162207,53.4091
20131216,16.52,16.52,16.13,16.32,2774828,53.3864
20131217,16.23,16.46,16.15,16.23,932163,53.1136
20131218,16.36,16.62,16.13,16.27,2097785,53.2273
20131219,16.12,16.44,16.12,16.37,4564145,53.5682
20131220,16.62,17.09,16.46,16.86,4095444,55.1818
20131223,16.89,17.78,16.67,17.53,24189081,57.3636
20131224,17.56,17.7,17.36,17.56,2858172,57.4545
20131226,17.56,17.64,17.15,17.56,11351709,57.4545
20131227,17.71,17.71,17.38,17.69,1837396,57.8864
20131230,17.71,17.78,17.36,17.71,1156344,57.9545
20131231,17.78,18.05,17.3,17.91,852978,13.6714
20140102,17.84,17.94,17.52,17.71,1356112,13.5124
20140103,17.71,17.71,17.02,17.19,3104034,13.1201
20140106,16.34,17.23,16.34,16.73,824842,12.7703
20140107,16.73,17.07,16.67,16.86,1716891,12.871
20140108,17.01,17.05,16.58,16.67,605568,12.7226
20140109,16.46,17.02,16.4,16.84,1018949,12.8551
20140110,16.89,17.08,16.88,17.03,390762,12.9982
20140113,16.68,17.09,16.34,16.77,1306191,12.7968
20140114,16.77,17.3,16.77,17.16,606283,13.0936
20140115,17.36,17.54,16.95,17.21,1325447,13.136
20140116,17.11,17.36,17.05,17.09,1049829,13.0406
20140117,17.12,17.32,16.77,17.13,1955215,13.0724
20140120,17.09,17.3,16.67,17.18,229975,13.1148
20140121,16.85,17.19,16.68,16.93,1077942,12.9187
20140122,17.02,17.09,16.8,16.99,1128716,12.9664
20140123,16.99,17.02,16.89,16.99,767599,12.9664
20140124,17.12,17.12,16.67,16.96,1050088,12.9399
20140127,16.67,16.89,16.14,16.61,1708712,12.6748
20140128,16.62,17.02,16.5,16.9,773598,12.8975
20140129,16.55,16.98,16.4,16.96,628115,12.9452
20140130,16.98,17.18,16.7,17.02,2512133,12.9929
20140131,16.74,17.23,16.74,16.99,4066972,12.9664
20140204,17.02,17.02,16.39,16.98,3664334,12.9611
20140205,16.84,17.02,16.75,16.89,871189,12.8922
20140206,16.84,17.02,16.75,16.96,1833795,12.9452
20140207,17.02,17.02,16.64,16.93,1780533,12.924
20140210,16.8,16.81,16.48,16.55,391789,12.6271
20140211,16.66,16.88,15.87,15.98,2437126,12.1925
20140212,16.04,16.25,15.49,15.72,3966816,11.9963
20140213,15.66,16.14,15.63,16,2985788,12.2137
20140214,16,16.57,16,16.35,1597443,12.4787
20140217,16.3,16.75,16.3,16.66,268904,12.7173
20140218,16.6,16.65,16.22,16.3,3848026,12.4363
20140219,16.33,16.45,15.98,16.1,1609628,12.2879
20140220,16.42,16.42,15.98,16.1,5195087,12.2879
20140221,16.11,16.39,16.11,16.24,1392972,12.3939
20140224,16.41,16.6,16.11,16.43,954261,12.5423
20140225,16.39,16.57,16.2,16.3,834210,12.4416
20140226,16.3,16.5,15.98,16.08,2133050,12.272
20140227,16.09,16.25,16.04,16.07,2108465,12.2667
20140228,16.18,16.18,15.78,15.98,1124708,12.1978
20140303,16.06,16.06,15.5,15.68,2682879,11.9698
20140304,15.68,16.13,15.68,16,4536666,12.2137
20140305,16.02,16.51,16.02,16.12,2060352,12.0493
20140306,16.15,16.29,15.78,15.85,2121283,11.8479
20140307,15.93,16.49,15.93,16.44,2540519,12.2879
20140310,16.33,16.95,16.31,16.9,1914177,12.6377
20140311,16.9,16.98,16.83,16.93,4117719,12.6536
20140312,16.93,16.95,16.82,16.94,1094654,12.6642
20140313,16.94,17.02,16.66,16.77,905074,12.537
20140314,16.66,16.71,16.27,16.56,1543052,12.3833
20140318,16.56,16.91,16.49,16.8,5932718,12.5635
20140319,16.52,17.37,16.52,16.71,3239175,12.4893
20140320,17.01,17.36,16.78,17.31,1982754,12.9399
20140321,17.34,17.68,17.06,17.63,2893381,13.1838
20140324,17.63,17.72,16.88,17.16,1277606,12.8286
20140325,17.33,17.66,17.16,17.24,1428899,12.8869
20140326,17.17,17.44,16.95,17.01,1464849,12.7173
20140327,17.08,17.66,17.08,17.34,1006278,12.9611
20140328,17.73,17.73,17.19,17.38,1214553,12.9929
20140331,17.39,17.56,16.95,17.36,1377895,11.6217
20140401,17.29,17.65,16.93,17,8481650,11.3843
20140402,17.01,17.22,16.67,16.76,2849929,11.2181
20140403,16.85,16.91,16.3,16.38,6602244,10.9665
20140404,16.24,16.93,16.24,16.71,3659601,11.1849
20140407,16.81,16.9,16.56,16.61,2723113,11.1184
20140408,16.94,17.02,16.44,16.78,967682,11.2371
20140409,16.78,16.85,16.66,16.67,699110,11.1612
20140410,16.66,16.88,16.46,16.83,706814,11.2703
20140411,16.72,16.93,16.56,16.76,1329424,11.2229
20140414,16.85,16.85,16.62,16.67,973940,11.1612
20140415,16.67,16.87,16.56,16.64,343570,11.1422
20140416,16.8,17.06,16.66,16.9,424750,11.3178
20140421,16.9,17.42,16.9,17.34,1004271,11.6122
20140422,17.36,17.83,17.36,17.5,1374939,11.7166
20140423,17.44,17.62,17.13,17.29,1224052,11.5789
20140424,17.22,17.49,17.16,17.44,786223,11.6786
20140425,17.36,17.62,17.34,17.55,608745,11.7498
20140428,17.55,17.58,17.07,17.1,1357242,11.446
20140429,17.1,17.73,17.1,17.56,944495,11.7593
20140430,17.47,17.74,17.37,17.61,1235895,11.7926
20140502,17.68,18.22,17.68,18.19,1799474,12.1771
20140505,18.29,18.39,18.08,18.36,1484244,12.2958
20140506,18.4,18.44,18.08,18.31,3765368,12.2626
20140507,18.36,18.44,18.18,18.2,2832168,12.1866
20140508,18.24,18.36,17.95,18.14,1359175,12.1439
20140509,18.14,18.37,18.08,18.26,1726779,12.2246
20140512,18.08,18.21,18,18.12,1680169,12.1344
20140513,18.42,18.74,18.29,18.36,846213,12.0632
20140514,18.39,18.57,18.19,18.37,1413247,12.0727
20140515,18.22,18.28,18.07,18.14,503263,11.9207
20140516,18.21,18.42,18.14,18.2,3100157,11.9587
20140519,18.2,18.22,18.09,18.16,622460,11.935
20140520,18.09,18.35,18.09,18.23,1653790,11.9777
20140521,18.1,18.24,17.77,17.92,403204,11.7783
20140522,18.03,18.13,17.89,17.98,784337,11.8163
20140523,18.06,18.29,17.95,18.03,2926965,11.8448
20140526,18.12,18.28,17.9,18.12,969959,11.9065
20140527,18.16,18.16,17.98,18.05,4770354,11.8638
20140528,18.06,18.06,17.98,17.98,459169,11.8163
20140529,17.92,18.06,17.89,18.03,3589991,11.8448
20140530,18.1,18.24,17.34,17.48,881978,11.484
20140602,17.49,18.06,17.49,17.91,661223,11.7688
20140603,17.92,18.13,17.91,18.08,8297283,11.8828
20140604,17.97,18.12,17.97,18.06,1820202,11.8685
20140605,18.06,18.06,17.85,18.04,2605456,11.8543
20140606,18.06,18.86,17.96,18.67,3801797,12.2673
20140609,18.86,19.15,18.64,18.71,2032780,12.2958
20140610,18.68,18.89,18.68,18.76,1519770,12.3243
20140611,18.78,18.9,18.42,18.55,2787649,12.1866
20140612,18.44,18.66,18.44,18.51,670603,12.1629
20140613,18.6,18.71,18.41,18.5,1247889,12.1534
20140616,18.55,18.64,18.07,18.54,1449158,12.1818
20140617,18.35,18.71,18.22,18.63,2147613,12.2436
20140618,18.63,18.68,18.28,18.63,4825793,12.2436
20140619,18.67,18.68,18.57,18.6,3008274,12.2246
20140620,18.51,18.64,18.37,18.59,3502915,12.2151
20140623,18.64,19.14,18.64,19.05,1679995,12.5189
20140624,19.11,19.14,19.04,19.08,1699116,12.5379
20140625,19.14,19.15,18.84,18.99,1219846,12.4809
20140626,18.88,19.15,18.87,19.06,1595876,12.5237
20140627,19.07,19.19,18.91,19.07,1335303,12.5284
20140630,18.96,19.7,18.96,19.43,1200713,22.2892
20140701,19.4,19.88,19.33,19.64,4074792,22.5379
20140702,19.7,20.01,19.43,19.5,3157283,22.3721
20140703,19.54,19.8,19.51,19.68,1723539,22.5793
20140704,19.72,19.72,19.58,19.65,86229,22.5462
20140707,19.65,20.01,19.3,19.94,1826900,22.8777
20140708,19.98,20.01,19.51,19.54,1592497,22.4218
20140709,19.72,19.72,19.15,19.26,313338,22.0986
20140710,19.3,19.63,19.27,19.38,602233,22.2312
20140711,19.38,19.86,19.22,19.26,1018689,22.0986
20140714,19.23,19.85,19.23,19.69,1273537,22.5876
20140715,19.87,19.87,19.57,19.69,998617,22.5876
20140716,19.85,20.01,19.69,19.94,4635134,22.8777
20140717,19.94,19.94,19.3,19.41,1200023,22.2643
20140718,19.22,19.64,19.22,19.39,1567018,22.2478
20140721,19.36,19.86,19.36,19.51,698309,22.3804
20140722,19.76,19.98,19.69,19.88,3480671,22.8114
20140723,19.85,20.52,19.85,20.35,1989221,23.3419
20140724,20.3,20.42,20.03,20.07,3997375,23.0269
20140725,19.98,20.18,19.88,19.93,1426071,22.8694
20140728,19.66,20.23,19.66,19.83,2249583,22.7534
20140729,20.01,20.09,19.83,19.83,3215450,22.7534
20140730,19.83,19.94,19.1,19.52,1374570,22.397
20140731,19.52,19.8,19.22,19.28,1881648,22.1151
20140801,19.28,19.28,18.65,18.91,2202893,21.7007
20140804,18.97,19.04,18.78,18.94,4933360,21.7256
20140805,18.86,19,18.73,18.78,4370964,21.5515
20140806,19.13,19.13,18.56,18.72,1589090,21.0873
20140807,18.78,19.32,18.66,19.28,3201009,21.7173
20140808,19.22,19.27,19.13,19.2,2375626,21.6261
20140811,19.5,19.6,18.68,18.77,2161037,21.137
20140812,18.8,18.83,18.68,18.77,2284782,21.137
20140813,18.77,18.95,18.4,18.8,2026145,21.1702
20140814,18.79,18.84,18.75,18.77,767929,21.1453
20140815,18.77,18.84,18.73,18.77,661846,21.1453
20140818,18.79,19.11,18.77,19.07,2140350,21.4769
20140819,18.92,19.25,18.92,19.01,1791084,21.4106
20140820,19.05,19.25,18.93,19.2,2396925,21.6261
20140821,19.22,19.69,19.06,19.66,6319529,22.14
20140822,19.66,19.72,19.32,19.49,1664546,21.9577
20140825,19.48,19.71,19.37,19.63,1373180,22.1151
20140826,19.65,19.83,19.53,19.63,2130344,22.1069
20140827,19.72,19.72,19.28,19.35,1852093,21.7919
20140828,19.32,19.49,19.2,19.29,1848446,21.7256
20140829,19.19,19.5,19.19,19.29,3366837,21.7256
20140901,19.41,19.69,19.41,19.61,897741,22.0903
20140902,19.65,19.69,19.07,19.16,1564011,21.5764
20140903,19.1,19.35,19.06,19.19,1363208,21.6178
20140904,19.26,19.26,18.93,19.22,801349,21.6427
20140905,19.21,19.3,18.77,18.82,2482797,21.1951
20140908,18.98,19.11,18.88,19.06,1180344,21.4686
20140909,19.05,19.05,18.78,18.91,1204136,21.2945
20140910,18.87,18.93,18.49,18.52,1736397,20.8552
20140911,18.62,18.62,18.36,18.4,995188,20.7226
20140912,18.4,18.65,18.1,18.24,1849788,20.5402
20140915,18.18,18.22,18.1,18.15,1262712,20.4408
20140917,18.1,18.16,17.85,18.07,6229504,20.3496
20140918,17.29,17.84,17.29,17.35,27697367,19.5373
20140919,17.29,17.76,17.29,17.6,13681260,19.8191
20140922,17.64,17.64,17.29,17.38,4614720,19.5704
20140923,17.32,17.43,17.15,17.2,4224458,19.3715
20140924,17.22,17.74,17.22,17.64,12506122,19.8688
20140925,17.64,17.65,17.31,17.47,6898413,19.6782
20140926,17.47,17.6,17.29,17.36,3293080,19.5538
20140929,17.38,17.44,17.15,17.27,1274544,19.4544
20140930,17.19,17.44,17.15,17.4,4771985,9.994
20141001,17.4,17.49,17.18,17.24,1325492,9.8968
20141002,17.29,17.29,16.82,17.1,6494785,9.8208
20141003,17.07,17.37,17.07,17.26,2877819,9.9137
20141006,17.52,17.52,17.18,17.27,1109333,9.918
20141007,17.26,17.63,17.2,17.42,2866990,10.0025
20141008,17.46,17.59,17.3,17.56,4064131,10.0828
20141009,17.62,17.62,17.4,17.57,2881818,10.0912
20141010,17.44,17.59,17.22,17.36,4277332,9.9687
20141013,17.4,17.48,16.88,17.05,2511898,9.7912
20141014,17.04,17.44,17.04,17.42,3115303,10.0025
20141015,17.43,17.57,17.04,17.1,2963379,9.8208
20141016,16.93,17.46,16.93,17.1,2865034,9.8165
20141017,17.18,17.46,17.17,17.4,11861324,9.994
20141020,17.4,17.4,17.21,17.29,2264770,9.9306
20141021,17.37,17.55,17.35,17.51,5948548,10.0532
20141022,17.53,18.03,17.51,17.83,4168116,10.2391
20141023,17.88,17.88,17.66,17.71,2016180,10.1715
20141024,17.66,17.88,17.36,17.64,1660350,10.1293
20141027,17.77,18.03,17.76,17.82,2201033,10.2349
20141028,17.9,18.05,17.88,18.03,3105993,10.3532
20141029,18.07,18.4,18.07,18.23,4208019,10.4673
20141030,18.21,18.37,18.12,18.3,3141328,10.5096
20141031,18.3,18.36,17.91,18,3002585,10.3363
20141103,18.03,18.38,18.03,18.34,4807155,10.5307
20141104,18.51,18.56,18.14,18.18,5109410,10.2898
20141105,18.14,18.25,17.97,18.17,2479704,10.2856
20141106,18.18,18.29,17.96,18.08,1271721,10.2349
20141107,18.1,18.28,18.09,18.18,1690213,10.2898
20141110,18.18,18.28,18.04,18.22,1123065,10.311
20141111,18.22,18.22,17.78,18.06,4134560,10.2222
20141112,18.07,18.1,17.8,17.98,3044416,10.1757
20141113,17.79,18.02,17.56,17.7,861487,10.0194
20141114,17.7,17.9,17.47,17.48,1651678,9.8926
20141118,17.28,18.07,17.28,17.88,1971254,10.1208
20141119,17.74,17.99,17.48,17.6,3664743,9.9644
20141120,17.6,17.83,17.54,17.61,2628441,9.9687
20141121,17.66,18.01,17.66,17.9,4853461,10.1335
20141124,17.99,18.22,17.99,18.19,2189242,10.2983
20141125,18.07,18.44,17.92,18.12,1749994,10.256
20141126,18.03,18.3,17.94,18.09,1320185,10.2391
20141127,17.93,18.27,17.93,18.25,359057,10.3279
20141128,18.29,18.48,18.14,18.31,1376197,10.3659
20141201,17.98,18.31,17.66,17.78,1300274,10.0659
20141202,17.81,18.09,17.69,17.85,1544557,10.1039
20141203,17.71,17.93,17.69,17.75,1156931,10.049
20141204,17.73,17.88,17.67,17.78,3439654,10.0659
20141205,17.69,17.89,17.66,17.72,1292571,10.0278
20141208,17.63,17.92,17.36,17.48,1171899,9.8968
20141209,17.4,17.69,17.17,17.24,2625976,9.7574
20141210,17.54,17.54,17.04,17.37,4359070,9.8334
20141211,17.19,17.48,16.87,17.03,2473537,9.6391
20141215,17.04,17.24,16.42,16.53,3702465,9.3559
20141216,16.56,17.04,16.01,16.76,3856376,9.4869
20141217,16.66,17.64,16.28,17.45,4444898,9.8757
20141218,17.64,18.39,17.54,18.28,4757662,10.3448
20141219,17.89,18.27,17.83,18.16,1749451,10.2814
20141222,17.99,18.18,17.93,18.12,1980019,10.256
20141223,18.28,18.28,17.94,18.12,1153060,10.256
20141224,18.1,18.14,17.99,18.07,97323,10.2307
20141226,17.99,18.19,17.99,18.16,173545,10.2814
20141229,18.22,18.29,18.13,18.19,1659618,10.2941
20141230,17.92,18.11,17.92,17.99,488061,10.1842
20141231,18.14,19.46,18.09,18.86,2790594,5.515
20150102,18.66,18.75,18.18,18.28,1172917,5.3448
20150105,18.28,18.36,17.32,17.75,1229654,5.1876
20150106,17.54,18.31,17.54,17.95,2237474,5.2466
20150107,18.18,18.18,17.54,17.57,1828328,5.1375
20150108,17.54,17.89,17.5,17.69,2679488,5.1702
20150109,17.66,17.8,17.43,17.55,1766256,5.1309
20150112,17.55,17.66,17.44,17.51,941143,5.12
20150113,17.77,17.84,17.53,17.82,859633,5.2095
20150114,17.77,18.18,17.55,18.12,1884487,5.2968
20150115,18.22,18.31,17.77,18.28,4187746,5.3426
20150116,18.16,18.59,18.16,18.43,3657727,5.3884
20150119,18.43,18.55,18.16,18.49,375774,5.4059
20150120,18.33,18.66,18.33,18.55,3588556,5.4233
20150121,18.55,18.65,18.28,18.55,1206399,5.4233
20150122,18.64,18.96,18.29,18.86,2944024,5.515
20150123,18.74,18.95,18.44,18.81,1497148,5.4997
20150126,18.96,19.31,18.66,19.14,2069303,5.5958
20150127,19.04,19.26,18.89,19.22,1480905,5.6176
20150128,19.18,19.41,19.11,19.23,8668364,5.622
20150129,19.22,19.3,18.61,18.69,1808401,5.4626
20150130,18.69,19.03,18.22,18.42,2427854,5.3862
20150203,18.29,18.38,17.99,18.27,1638764,5.3404
20150204,18.12,18.41,18.08,18.14,1037352,5.3033
20150205,18.3,18.8,18.19,18.48,5195973,5.4037
20150206,18.59,18.59,18.04,18.22,1364557,5.3251
20150209,18.66,18.66,18.09,18.28,489557,5.3448
20150210,18.16,18.6,18.15,18.5,496691,5.4081
20150211,18.19,18.48,17.92,18.01,2231304,5.2662
20150212,18.01,18.44,18.01,18.38,1834638,5.3732
20150213,18.63,18.63,18.36,18.42,720959,5.3862
20150216,18.51,18.54,18.36,18.41,28704,5.3819
20150217,18.29,18.78,18.29,18.63,815791,5.4474
20150218,18.48,18.81,18.47,18.51,762019,5.4124
20150219,18.7,19.07,18.6,18.97,2665451,5.5456
20150220,18.79,19.1,18.75,18.89,800450,5.5237
20150223,18.38,19.1,18.38,18.8,312193,5.4954
20150224,18.81,19.26,18.66,18.95,1033916,5.539
20150225,19.19,19.19,18.98,19.18,1097240,5.6067
20150226,19.19,19.26,19.18,19.23,1019933,5.622
20150227,19.26,19.32,18.66,19.2,2781647,5.6132
20150302,18.82,19.35,18.82,19,1216903,5.5543
20150303,18.66,19.3,18.66,19.07,2500039,5.5761
20150304,18.7,18.78,18.36,18.48,1974136,5.4037
20150305,18.48,18.48,18.22,18.22,3184511,5.3273
20150306,18.26,18.26,17.79,17.92,6921244,5.2378
20150309,17.88,17.98,17.75,17.8,2080264,5.2029
20150310,18.04,18.16,17.66,17.77,8810231,5.1178
20150311,17.76,18.19,17.51,17.82,7163733,5.1309
20150312,17.9,17.97,17.74,17.85,2548734,5.1396
20150313,17.82,18,17.67,17.92,5380866,5.1615
20150317,18.03,18.11,17.6,18.04,8555852,5.1964
20150318,18.04,18.57,17.82,18.46,2024515,5.3164
20150319,18.14,18.33,18.14,18.29,1049174,5.2662
20150320,18.34,18.44,18.01,18.2,1211484,5.2422
20150323,18.19,18.38,17.92,18.22,484457,5.2488
20150324,18.26,18.44,18.15,18.24,1177458,5.2531
20150325,18.24,18.24,17.98,18.08,891518,5.2073
20150326,18.04,18.1,17.97,18.04,1843827,5.1942
20150327,18.11,18.22,18.07,18.19,1521118,5.2378
20150330,18.19,18.37,18.18,18.26,1542179,5.2575
20150331,18.07,18.41,17.97,18.13,1251900,4.8519
20150401,18.41,18.41,18.19,18.41,969417,4.9249
20150406,18.57,18.6,18.19,18.57,2131606,4.9675
20150407,18.59,18.71,18.57,18.66,779644,4.9939
20150408,18.63,18.76,18.54,18.71,1146418,5.006
20150409,18.82,18.82,18.45,18.51,421936,4.9513
20150410,18.6,18.6,18.5,18.58,306004,4.9716
20150413,18.6,18.6,18.15,18.28,794932,4.8905
20150414,18.26,18.46,17.81,17.85,7911217,4.7749
20150415,18.04,18.47,18.04,18.38,2445983,4.9168
20150416,18.1,18.35,18.07,18.25,641228,4.8824
20150417,18.19,18.47,18.19,18.41,442773,4.927
20150420,18.4,18.52,18.15,18.38,638955,4.9168
20150421,18.3,18.38,18.22,18.29,581707,4.8945
20150422,18.22,18.37,18.11,18.16,1758535,4.858
20150423,18.28,18.5,18.16,18.26,2549809,4.8844
20150424,18.22,18.56,18.22,18.48,3960500,4.9452
20150427,18.45,18.53,18.14,18.3,5821454,4.8966
20150428,18.31,18.41,18.16,18.19,3963053,4.8682
20150429,18.22,18.22,17.85,18.04,927510,4.8276
20150430,18.19,18.19,17.45,17.63,2122443,4.7161
20150504,18.19,18.19,17.73,17.88,1142031,4.785
20150505,17.89,17.95,17.8,17.86,1750357,4.779
20150506,17.91,18.01,17.72,17.87,1093456,4.781
20150507,17.89,18.04,17.32,17.42,1475236,4.6614
20150508,17.58,17.71,17.45,17.69,478659,4.7323
20150511,17.79,17.94,17.62,17.82,892142,4.7688
20150512,18.07,18.24,17.73,17.95,1434184,4.7283
20150513,17.86,17.96,17.63,17.72,975273,4.6674
20150514,17.86,17.86,17.47,17.56,1467206,4.6249
20150515,17.51,17.69,17.38,17.49,1511925,4.6086
20150518,17.36,17.93,17.36,17.89,2740428,4.712
20150519,17.7,17.99,17.52,17.59,2462074,4.635
20150520,17.68,17.74,17.37,17.54,1041144,4.6208
20150521,17.54,17.61,17.31,17.32,1197987,4.562
20150522,17.28,17.36,17,17.09,2225253,4.5032
20150525,17.16,17.16,16.93,16.96,688228,4.4667
20150526,17.16,17.19,16.93,17.02,1566053,4.4829
20150527,16.93,17.11,16.86,16.92,3047953,4.4586
20150528,16.87,17.01,16.87,16.96,1140704,4.4687
20150529,16.96,17.39,16.93,17.26,1020815,4.5478
20150601,17.24,17.39,17.02,17.17,462079,4.5235
20150602,17.7,17.7,17.01,17.19,503572,4.5296
20150603,17.02,17.47,16.95,17.12,568562,4.5093
20150604,17.01,17.16,16.76,16.8,534109,4.4262
20150605,16.83,17.08,16.58,16.99,3603543,4.4769
20150608,16.94,17.32,16.94,17.02,574527,4.485
20150609,17.11,17.11,16.6,16.71,821019,4.4018
20150610,16.71,16.93,16.67,16.76,4156706,4.414
20150611,16.72,16.9,16.61,16.78,1309307,4.4201
20150612,16.89,16.9,16.56,16.82,2371409,4.4322
20150615,16.89,16.95,16.57,16.89,936971,4.4505
20150616,17.16,17.16,16.72,16.81,2996038,4.4282
20150617,16.92,16.92,16.63,16.72,1174127,4.4059
20150618,16.78,16.97,16.63,16.91,3992592,4.4545
20150619,16.93,16.97,16.82,16.93,951129,4.4606
20150622,16.97,17.16,16.63,16.83,2821011,4.4343
20150623,16.82,17.32,16.73,17.29,1647255,4.5539
20150624,17.24,17.24,16.71,16.77,1025829,4.4181
20150625,16.92,17.04,16.71,16.73,604746,4.4079
20150626,16.89,16.95,16.79,16.86,1339141,4.4424
20150629,16.79,17.08,16.71,16.96,871628,4.4667
20150630,17.02,17.06,16.63,16.7,1669483,4.0621
20150701,16.82,16.97,16.64,16.92,3083974,4.1164
20150702,16.79,17.24,16.79,17.1,4473364,4.1595
20150703,16.99,17.23,16.94,17.11,458850,4.1613
20150706,17.28,17.28,17.07,17.19,572982,4.1801
20150707,17.2,17.32,17.16,17.26,758571,4.1988
20150708,17.26,17.26,16.93,17.03,1280796,4.1426
20150709,16.97,17.49,16.82,17.32,1226338,4.2137
20150710,17.24,17.43,17.02,17.29,365010,4.2044
20150713,17.23,17.28,16.97,17.18,408523,4.1782
20150714,17.18,17.32,17.16,17.22,182503,4.1875
20150715,17.09,17.35,17,17.09,1553481,4.1576
20150716,17.29,17.31,17.1,17.15,3736015,4.1707
20150717,17.15,17.3,17,17.06,579128,4.1482
20150720,16.99,17.26,16.99,17.08,198303,4.1538
20150721,17.14,17.32,17.08,17.19,1303704,4.1801
20150722,17.19,17.28,16.86,17.02,981016,4.1389
20150723,17.27,17.27,16.79,17.05,209304,4.1464
20150724,17.05,17.27,17.02,17.13,2454893,4.1669
20150727,17.13,17.33,17.13,17.31,2211989,4.21
20150728,17.29,17.65,17.12,17.39,1081930,4.2306
20150729,17.12,18.09,16.63,17.93,1187129,4.3616
20150730,17.93,18.39,17.93,18.31,1616379,4.4534
20150731,18.39,18.54,18.29,18.41,3499350,4.4777
20150803,17.95,18.46,17.95,18.37,1291157,4.4683
20150804,18.36,18.44,18.19,18.37,859019,4.4683
20150805,18.36,18.36,18.09,18.17,1493009,4.4197
20150806,18.15,18.23,17.99,18.09,2019778,4.3279
20150807,18.1,18.37,18.1,18.26,1659323,4.3691
20150810,18.27,18.66,18.27,18.63,484371,4.459
20150811,18.65,18.75,18.54,18.66,1821531,4.4646
20150812,18.21,18.69,18.11,18.54,1909140,4.4365
20150813,18.62,18.77,18.58,18.7,4696610,4.4758
20150814,18.76,18.83,18.47,18.62,984038,4.4552
20150817,18.77,18.77,18.27,18.59,417751,4.4477
20150818,18.56,18.69,17.94,18.27,3980722,4.3729
20150819,17.99,18.62,17.93,18.57,1006243,4.444
20150820,18.69,18.71,18.41,18.63,1503887,4.4571
20150821,18.71,18.71,18.31,18.45,2493215,4.4159
20150824,18.15,18.23,17.06,17.87,1587967,4.2774
20150825,17.95,18.6,17.94,18.28,1426333,4.3747
20150826,18,18.48,17.99,18.38,2256764,4.3991
20150827,18.54,18.62,17.97,18.07,1962326,4.3242
20150828,18.53,18.53,17.92,18.09,669027,4.3279
20150831,18.43,18.43,17.68,17.8,2144255,4.2605
20150901,17.8,18.31,17.29,17.69,1165828,4.2343
20150902,17.98,17.99,17.52,17.61,793370,4.2137
20150903,17.8,17.8,17.4,17.68,2281281,4.2306
20150904,17.58,17.76,17.25,17.49,1217847,4.1857
20150907,17.52,17.76,17.46,17.6,353504,4.2119
20150908,17.67,17.98,17.63,17.92,584992,4.2886
20150909,17.97,17.97,17.58,17.76,583104,4.2493
20150910,17.91,18.3,17.91,18.01,718129,4.3092
20150911,18.06,18.11,17.76,17.84,614461,4.268
20150914,17.6,18.19,17.6,18.1,711908,4.3317
20150915,18.3,18.3,17.49,17.68,1277394,4.2306
20150917,17.98,17.98,17.45,17.79,1978784,4.2568
20150918,17.83,17.83,17.58,17.64,971600,4.2212
20150921,17.6,17.79,17.59,17.73,375884,4.2437
20150922,17.99,17.99,17.57,17.73,476896,4.2418
20150923,17.68,17.81,17.54,17.6,819338,4.2119
20150924,17.52,17.73,17.4,17.56,1161025,4.2025
20150925,17.42,17.44,16.91,17.04,678822,4.0771
20150928,17.26,17.39,16.9,16.97,537622,4.0602
20150929,16.9,16.9,16.66,16.72,1271851,4.0003
20150930,16.74,16.82,16.66,16.7,4692192,3.575
20151001,16.93,17.2,16.58,17.16,3703447,3.6738
20151002,17.08,17.21,16.87,17.15,4054141,3.6721
20151005,17.13,17.29,16.98,17.2,428930,3.6822
20151006,17.29,17.29,16.82,17.01,474754,3.642
20151007,17.21,17.33,16.82,17.19,1356208,3.6788
20151008,17.33,17.54,16.95,17.22,1861220,3.6872
20151009,17.44,17.84,17.41,17.68,1558662,3.7843
20151012,17.84,17.84,17.32,17.59,225542,3.7659
20151013,17.62,17.62,17.22,17.46,6256849,3.7374
20151014,17.45,17.58,17.23,17.33,665649,3.7106
20151015,17.47,17.47,17.21,17.3,2727319,3.7023
20151016,17.51,17.52,17.4,17.45,8543718,3.7357
20151019,17.47,17.68,17.41,17.62,2082391,3.7709
20151020,17.4,17.67,17.29,17.54,5072060,3.7542
20151021,17.52,17.8,17.51,17.79,1655608,3.8077
20151022,17.76,17.87,17.52,17.81,2067233,3.8128
20151023,17.37,17.93,17.37,17.84,2844694,3.8178
20151026,17.84,18.11,17.72,18.02,1676422,3.858
20151027,17.68,18.08,17.66,18.01,1001058,3.8546
20151028,18.01,18.01,17.61,17.77,422743,3.8044
20151029,17.77,17.99,17.56,17.92,537387,3.8362
20151030,17.94,17.99,17.76,17.94,706411,3.8396
20151103,17.61,18.18,17.61,18.09,896085,3.8714
20151104,18.11,18.7,17.99,18.16,1333671,3.8864
20151105,18.38,18.38,18.11,18.22,4255139,3.8998
20151106,18.24,18.24,17.93,18.09,440480,3.801
20151109,18.09,18.09,17.64,17.76,357709,3.7324
20151110,18.02,18.02,17.54,17.73,539246,3.7257
20151111,17.73,17.85,17.58,17.76,740916,3.7324
20151112,17.82,18.06,17.66,17.98,1857273,3.7793
20151113,17.98,17.98,17.73,17.94,865583,3.7709
20151117,17.95,18.04,17.85,17.96,2168575,3.7743
20151118,18.08,18.12,17.89,17.91,1644343,3.7642
20151119,17.99,18.33,17.93,18.25,1126569,3.8362
20151120,18.25,18.51,18.05,18.28,1317754,3.8412
20151123,18.36,18.49,18.18,18.32,710693,3.8496
20151124,18.32,18.32,18.01,18.12,560784,3.8077
20151125,18.13,18.3,17.56,17.66,959175,3.7123
20151126,17.69,17.76,17.56,17.66,521391,3.7123
20151127,17.67,18.09,17.23,17.94,2006410,3.7709
20151130,17.94,18.03,17.35,17.46,1026421,3.6688
20151201,17.35,17.8,17.35,17.68,1582958,3.7156
20151202,17.65,18.12,17.53,17.85,2050721,3.7508
20151203,17.85,18.01,17.66,17.91,1376797,3.7642
20151204,17.93,17.93,17.53,17.75,984668,3.7307
20151207,17.76,17.93,17.45,17.56,1396876,3.6905
20151208,17.58,17.68,17.39,17.54,631773,3.6855
20151209,17.49,17.89,17.42,17.84,1195104,3.7491
20151210,17.83,18.09,17.73,17.79,2293408,3.7391
20151211,17.79,18.05,17.61,17.78,1682916,3.7374
20151214,17.78,17.78,17.39,17.67,1245683,3.714
20151215,17.67,18.09,17.66,18.07,1101453,3.7977
20151216,18.09,18.17,17.75,17.79,704554,3.7391
20151217,18.09,18.17,17.31,17.74,1773022,3.729
20151218,17.74,17.77,17.29,17.4,777946,3.657
20151221,17.41,17.76,17.25,17.54,929041,3.6855
20151222,17.53,17.75,17.45,17.69,988010,3.7173
20151223,17.69,18.01,17.5,17.9,830552,3.7609
20151224,17.9,17.97,17.64,17.92,100004,3.7659
20151228,17.99,18.17,17.89,18.01,723502,3.7843
20151229,17.98,18.1,17.62,17.72,466077,3.724
20151230,17.72,17.73,17.45,17.51,877741,3.6805
20151231,17.53,17.53,17.37,17.41,367546,4.5426
20160104,17.41,17.81,16.89,17.57,2022417,4.5842
20160105,17.57,17.75,17.54,17.7,274323,4.6175
20160106,17.62,17.83,17.21,17.78,374277,4.6403
20160107,17.69,17.87,17.25,17.25,887019,4.501
20160108,17.3,17.37,17.05,17.1,1040752,4.4615
20160111,17.18,17.56,17.17,17.35,1788810,4.5281
20160112,17.35,17.49,17.05,17.11,1457084,4.4657
20160113,17.13,17.13,16.73,16.84,1293461,4.3929
20160114,17.12,17.56,16.96,17.21,4070529,4.4906
20160115,16.99,17.52,16.92,17.19,1197824,4.4865
20160118,17.19,17.21,17.04,17.05,114396,4.4491
20160119,17.06,17.29,16.98,17.15,1472412,4.4761
20160120,17.11,17.11,16.7,16.96,2335663,4.4262
20160121,16.89,17.05,16.73,17.04,1464411,4.4449
20160122,17.02,17.14,16.84,16.96,1763328,4.4262
20160125,16.97,17.12,16.9,16.97,1063104,4.4283
20160126,16.98,17.05,16.91,17.04,596163,4.4449
20160127,17.04,17.12,16.54,16.73,2370173,4.3659
20160128,16.97,17.2,16.58,17.04,2862262,4.4449
20160129,17.05,17.19,16.89,17.08,3252057,4.4553
20160202,17.08,17.08,16.91,16.99,1571094,4.4324
20160203,17.09,17.47,16.96,17.23,1805144,4.4948
20160204,17.23,17.69,17.23,17.64,1454250,4.6029
20160205,17.62,17.62,16.89,16.96,1279775,4.4262
20160208,16.97,17.09,16.72,16.79,648406,4.3805
20160209,16.88,17.29,16.85,17.22,464154,4.4927
20160210,17.22,17.44,17.17,17.37,435383,4.5322
20160211,17.35,17.57,17.05,17.39,645225,4.5364
20160212,17.48,17.49,17.21,17.39,724797,4.5364
20160215,17.42,17.53,17.29,17.43,275730,4.5489
20160216,17.44,18.09,17.44,17.63,787631,4.6008
20160217,17.78,17.94,17.53,17.92,286659,4.6757
20160218,17.93,18.01,17.78,17.97,998178,4.6881
20160219,17.97,17.97,17.53,17.79,665977,4.6424
20160222,17.79,18.09,17.75,17.9,1107493,4.6694
20160223,17.91,17.92,17.62,17.66,714691,4.6091
20160224,17.66,17.87,17.62,17.78,954346,4.6383
20160225,17.84,17.85,17.54,17.75,1844747,4.632
20160226,17.73,17.82,17.55,17.69,2640790,4.6154
20160229,17.77,18.25,17.75,18.21,1849507,4.7526
20160301,18.32,18.41,18.09,18.33,2332557,4.7817
20160302,18.23,18.6,18.05,18.46,2542010,4.817
20160303,18.64,18.64,17.53,18.02,1145819,4.7006
20160304,18.02,18.64,18.02,18.33,1608504,4.7817
20160307,18.3,18.49,18.18,18.27,996276,4.6715
20160308,18.24,18.35,18.09,18.24,2058813,4.6653
20160309,18.25,18.29,18,18.26,941276,4.6694
20160310,18.26,18.26,17.81,18.01,1462330,4.605
20160311,18.01,18.2,17.85,17.89,1081923,4.5738
20160314,17.85,17.89,17.81,17.88,1708916,4.5717
20160315,17.89,18.12,17.72,17.89,3635737,4.5738
20160316,17.84,17.88,17.73,17.81,1335089,4.553
20160317,17.85,18.37,17.77,18.24,2218297,4.6653
20160318,18.24,18.54,18.2,18.47,6622602,4.7235
20160322,18.63,18.81,17.94,18.46,5786729,4.7193
20160323,18.46,18.55,18.16,18.44,4288866,4.7152
20160328,18.44,18.59,18.29,18.46,1119272,4.7193
20160329,18.46,18.62,18.37,18.58,3669455,4.7505
20160330,18.58,19.01,18.54,18.59,778104,4.7547
20160331,18.59,19.09,18.42,18.94,1599364,4.842
20160401,18.92,19.03,18.84,18.99,911947,4.8565
20160404,19.03,19.13,18.94,19.11,1714503,4.8857
20160405,19.31,19.31,18.36,18.52,408005,4.736
20160406,18.6,18.94,18.58,18.85,437430,4.8212
20160407,18.86,18.93,18.55,18.68,703805,4.7755
20160408,18.68,19.03,18.68,18.95,338496,4.8462
20160411,18.95,19.12,18.9,19.07,807030,4.8753
20160412,18.72,19.11,18.72,18.98,667599,4.8545
20160413,18.71,19.31,18.71,19.29,2850524,4.9335
20160414,19.32,19.37,18.98,19.29,1616875,4.9335
20160415,19.38,19.38,19.16,19.27,515815,4.9272
20160418,19.2,19.81,18.79,19.71,1628046,5.0395
20160419,19.64,19.8,19.35,19.64,1251227,5.0229
20160420,19.72,19.72,19.42,19.67,938958,5.0291
20160421,19.59,19.73,19.23,19.33,4503976,4.9418
20160422,19.29,19.51,19.2,19.28,277816,4.9293
20160425,19.24,19.24,19.03,19.1,172154,4.8836
20160426,19.07,19.32,18.87,18.95,866922,4.8462
20160427,19.01,19.11,18.94,19,940729,4.8526
20160428,18.92,19.15,18.78,18.99,2145498,4.8505
20160429,18.95,19.51,18.9,19.25,1442334,4.9169
20160502,19.28,19.72,19.28,19.68,470365,5.027
20160503,19.68,19.91,19.49,19.85,968700,5.0706
20160504,19.89,19.89,19.43,19.67,1282917,4.9315
20160505,19.68,20.13,19.68,19.89,1519368,4.9875
20160506,19.93,19.96,19.48,19.84,2689630,4.9751
20160509,19.87,20.12,19.87,20.11,1406089,5.0415
20160510,20.11,20.16,19.82,19.88,681074,4.9855
20160511,19.87,19.88,19.47,19.64,633218,4.9252
20160512,19.63,19.87,19.52,19.61,566044,4.9169
20160513,19.54,19.67,19.42,19.58,574789,4.9107
20160516,19.6,19.63,19.16,19.2,505795,4.8152
20160517,19.17,19.33,18.88,19.06,2330149,4.7799
20160518,19.21,19.25,18.89,18.98,826716,4.7591
20160519,18.9,18.95,18.82,18.88,1717968,4.7342
20160520,18.96,19.19,18.8,19.04,1026927,4.7737
20160523,18.88,19.34,18.88,19.12,870826,4.7944
20160524,19.2,19.63,19.05,19.53,1026364,4.8983
20160525,19.58,19.83,19.46,19.63,812754,4.9211
20160526,19.67,19.87,19.46,19.67,1431696,4.9315
20160527,19.87,19.87,19.54,19.7,1845597,4.9398
20160530,19.7,19.87,19.67,19.68,261136,4.9356
20160531,19.41,19.66,19.17,19.28,1878353,4.8339
20160601,19.06,19.63,19.06,19.44,1394569,4.8733
20160602,19.38,19.63,19.22,19.48,1524165,4.8837
20160603,19.24,19.82,19.24,19.8,344942,4.9647
20160606,19.29,20.03,19.29,19.96,1828985,5.0042
20160607,20,20.05,19.71,19.96,2771253,5.0042
20160608,20.05,20.06,19.39,19.5,1845438,4.89
20160609,19.5,19.81,19.32,19.77,872653,4.9564
20160610,19.77,19.78,19.28,19.45,2464998,4.8775
20160613,19.45,19.85,19.21,19.63,4870705,4.9232
20160614,19.63,19.83,19.3,19.77,764473,4.9564
20160615,19.82,19.82,19.42,19.44,624559,4.8754
20160616,19.38,19.53,19.27,19.37,852261,4.857
20160617,19.29,19.71,19.22,19.39,1861801,4.8612
20160620,19.47,19.96,19.39,19.56,2624102,4.9048
20160621,20.06,20.08,19.71,19.93,2528260,4.9982
20160622,19.72,20.03,19.71,19.86,2003895,4.9795
20160623,19.87,19.87,19.69,19.82,585387,4.9692
20160624,19.63,19.87,19.21,19.35,759154,4.8529
20160627,19.29,19.58,19.1,19.46,1183059,4.8799
20160628,19.46,19.62,19.29,19.41,361986,4.8674
20160629,19.47,19.88,19.32,19.79,671587,4.9629
20160630,19.34,19.92,19.34,19.87,1252656,4.9837
20160701,19.93,19.93,19.74,19.78,733582,4.9609
20160704,19.82,19.96,19.71,19.72,147649,4.9442
20160705,19.71,20.04,19.71,19.92,990355,4.9941
20160706,19.86,20.09,19.48,20,1088556,5.0148
20160707,19.98,20.09,19.73,19.8,527999,4.965
20160708,19.81,19.97,19.72,19.82,677756,4.9712
20160711,19.91,20.49,19.91,20.3,678188,5.0896
20160712,20.49,20.49,20.16,20.28,775403,5.0854
20160713,20.31,20.37,19.75,19.87,1389966,4.9837
20160714,19.87,20.38,19.87,20.12,761559,5.046
20160715,19.79,20.08,19.68,19.88,898156,4.9858
20160718,19.87,20.11,19.71,20,1605390,5.0148
20160719,20,20.11,19.83,19.92,2346375,4.9941
20160720,19.89,20.2,19.87,19.93,1256685,4.9982
20160721,19.93,20.25,19.92,20.12,930690,5.046
20160722,20.2,20.41,20.04,20.39,925214,5.1124
20160725,20.45,20.51,20.21,20.35,374918,5.1021
20160726,20.33,20.39,20.05,20.35,998480,5.1041
20160727,20.37,20.41,19.76,19.84,1112289,3.925
20160728,19.46,20.13,19.45,19.88,1030699,3.9332
20160729,19.88,20.12,19.79,19.87,1495740,3.9299
20160801,19.87,20.12,19.8,20.01,1223058,3.9577
20160802,20.03,20.1,19.75,19.87,5222525,3.9299
20160803,19.96,20,19.79,19.85,854204,3.9266
20160804,19.87,20.14,19.87,20.08,878654,3.9004
20160805,20.49,20.5,19.83,20.17,1255926,3.9184
20160808,20.22,20.22,20.04,20.14,1938726,3.9119
20160809,20.19,20.25,20.07,20.17,2749724,3.9168
20160810,20.21,20.6,19.87,19.97,1126536,3.8791
20160811,19.99,20.07,19.82,19.85,1559827,3.8562
20160812,19.9,20.06,19.82,20.03,1589046,3.8906
20160815,20.06,20.4,19.86,20.32,2392555,3.9463
20160816,20.32,20.61,20.07,20.57,1190630,3.9954
20160817,20.58,20.58,20.16,20.21,498892,3.925
20160818,20.2,20.63,20.17,20.42,3290317,3.9659
20160819,20.4,20.75,20.24,20.58,1170250,3.9971
20160822,20.57,20.65,20.44,20.64,1127747,4.0085
20160823,20.62,20.62,20.15,20.25,1697340,3.9332
20160824,20.25,20.72,20.17,20.65,1626574,4.0102
20160825,20.76,20.91,20.54,20.74,1588546,4.0282
20160826,20.63,20.87,20.28,20.59,1276764,3.9987
20160829,20.55,20.75,20.49,20.57,1427727,3.9954
20160830,20.66,20.86,20.49,20.58,1641532,3.9971
20160831,20.59,20.89,20.43,20.61,1723186,4.0036
20160901,20.96,21.09,20.66,20.92,2480608,4.0642
20160902,20.42,21.09,20.42,20.7,522125,4.02
20160905,20.63,21.09,20.61,20.95,271573,4.0691
20160906,20.95,20.95,20.49,20.6,706515,4.002
20160907,20.6,20.92,20.54,20.82,1310495,4.0429
20160908,20.87,20.87,20.64,20.76,1067626,4.0331
20160909,20.73,20.73,20.34,20.35,1838322,3.9528
20160912,20.33,20.33,19.52,19.85,1482746,3.8562
20160913,19.9,19.9,19.5,19.54,2277292,3.7956
20160914,19.5,19.55,18.99,19.23,4310196,3.735
20160915,19.24,19.52,18.93,19.18,6110144,3.7251
20160919,19.21,19.57,19.2,19.43,5505832,3.7743
20160920,19.43,19.82,19.33,19.65,2075641,3.8169
20160921,19.72,19.82,19.2,19.77,3054680,3.8398
20160922,19.84,20.05,19.74,19.96,3489224,3.8775
20160923,19.96,20.37,19.91,20.14,3851293,3.9119
20160926,20.14,20.33,19.69,19.82,1958123,3.8496
20160927,19.83,20.24,19.83,19.99,1597577,3.8824
20160928,20.07,20.4,19.88,20.25,2404660,3.9332
20160929,20.24,20.41,20.08,20.23,1811702,3.9299
20160930,20.15,20.24,19.74,20.01,2173091,3.8873
20161003,20.08,20.53,19.91,20.28,2826558,3.9397
20161004,20.25,20.37,20.15,20.22,2626775,3.9266
20161005,20.22,20.53,20.12,20.22,2166398,3.9266
20161006,20.22,20.49,20.17,20.39,4391303,3.9594
20161007,20.39,20.47,20.12,20.21,1894404,3.925
20161010,20.22,20.53,20.13,20.25,1088776,3.9332
20161011,20.25,20.32,20.13,20.24,2413117,3.9315
20161012,20.24,20.24,19.96,20.02,2633259,3.8889
20161013,20.11,20.15,19.85,19.9,2605095,3.8644
20161014,19.9,20.39,19.9,20.22,5582294,3.9283
20161017,20.36,20.36,20.08,20.24,2698211,3.9315
20161018,20.32,20.6,20.17,20.28,2054347,3.9381
20161019,20.29,20.82,20.21,20.54,5602362,3.9889
20161020,20.62,20.62,20.25,20.32,2569116,3.9463
20161021,20.49,20.49,20.19,20.23,4835997,3.9299
20161024,20.41,20.66,20.21,20.24,2614824,3.9315
20161025,20.24,20.4,19.95,20.01,2477573,3.8873
20161026,20.06,20.23,19.87,19.99,2693563,3.8824
20161027,20.17,20.22,19.86,19.98,3068123,3.8807
20161028,19.98,20.34,19.82,20.08,2252100,NaN
20161031,20.06,20.19,19.85,20.08,1465895,4.7107
20161101,20.17,20.17,19.53,19.76,4175494,4.6355
20161103,19.85,20.13,19.23,19.33,4864807,4.4437
20161104,19.48,19.58,19.24,19.36,4898175,4.4496
20161107,19.78,20.55,19.78,19.98,5158772,4.5939
20161108,20.02,20.19,19.61,19.92,1719685,4.58
20161109,19.33,20.23,19,19.68,4159994,4.5247
20161110,19.67,19.67,18.18,18.48,4781616,4.2479
20161111,18.48,18.99,17.8,18.04,4265146,4.1471
20161114,18.83,18.83,17.79,17.81,5729049,4.0938
20161115,17.83,18.22,17.83,18.14,8599590,4.1709
20161116,18.23,18.62,17.9,18.14,5038431,4.1689
20161117,18.14,18.44,17.35,17.49,2962269,4.0206
20161118,17.5,17.51,16.51,16.59,4413890,3.8131
20161122,16.67,16.98,16.67,16.85,4274136,3.8743
20161123,16.86,16.98,16.4,16.68,5711896,3.8348
20161124,16.41,16.82,16.41,16.73,975227,3.8467
20161125,16.74,17.12,16.74,17.08,3096936,3.9257
20161128,17.15,17.48,17,17.11,2459601,3.9336
20161129,17.16,17.63,17.16,17.56,2781790,4.0364
20161130,17.63,17.81,17.53,17.73,5002201,4.076
20161201,17.65,17.72,17.3,17.62,4786682,4.0503
20161202,17.62,18.24,17.58,17.91,4035774,4.1175
20161205,17.92,18.06,17.82,18.04,2586455,4.1471
20161206,18.05,18.12,17.89,17.93,5002188,4.1214
20161207,17.93,18,17.71,17.81,1640600,4.0938
20161208,17.84,18.06,17.8,17.92,5046096,4.1195
20161209,18,18.4,17.85,18.25,5533621,4.1946
20161213,18.28,18.57,18.26,18.47,4851989,4.246
20161214,18.38,18.48,17.95,18.33,1686623,4.2143
20161215,17.78,18.44,17.71,18.13,2792957,4.1669
20161216,18.07,18.38,17.98,18.25,3434015,4.1946
20161219,18.25,18.65,18.11,18.4,1496496,4.2302
20161220,18.41,18.65,18.27,18.47,9208344,4.246
20161221,18.7,18.7,17.95,18.08,2999193,4.157
20161222,18.02,18.3,17.85,18.01,3318209,4.1392
20161223,18.01,18.36,17.88,17.93,735244,4.1214
20161226,17.93,17.93,17.76,17.87,846644,4.1076
20161227,17.87,18.04,17.83,17.91,1535134,4.1175
20161228,17.9,18.14,17.87,18.02,739969,4.1432
20161229,18.07,18.17,17.91,18.1,1145225,4.161
20161230,18.1,18.49,17.96,18.37,3657896,4.2222
20170102,18.37,18.46,18.06,18.39,48222,4.2282
20170103,18.42,18.86,18.4,18.78,2034544,4.3171
20170104,18.87,19.18,18.73,18.88,2723080,4.3408
20170105,18.75,18.91,18.22,18.35,2003173,4.2183
20170106,18.17,18.57,17.89,18.18,3666144,4.1788
20170109,18.26,18.27,17.63,17.95,817424,4.1254
20170110,17.98,18.23,17.93,18.14,1867251,4.1709
20170111,18.11,18.23,17.97,18.07,2541847,4.1531
20170112,18.06,18.13,17.83,18,3287069,4.1372
20170113,18.08,18.08,17.63,18.01,3383871,4.1412
20170116,18.73,18.73,18.01,18.38,3017595,4.2262
20170117,18.34,18.34,17.59,17.79,1390596,4.0898
20170118,17.81,17.86,17.5,17.55,1466003,4.0345
20170119,17.58,18.01,17.53,17.84,3967699,4.1017
20170120,17.83,17.95,17.62,17.65,3178503,4.0562
20170123,17.94,18.13,17.52,17.84,6262833,4.1017
20170124,17.93,18.01,17.8,17.96,4015862,4.1293
20170125,17.99,18.39,17.89,18.23,5734517,4.1906
20170126,18.01,18.23,17.9,18.08,6717922,4.157
20170127,18.48,18.48,17.72,17.81,1957889,4.0938
20170130,17.84,17.96,17.48,17.71,1678248,4.07
20170131,17.71,17.77,17.49,17.65,1482792,4.0582
20170201,17.58,17.7,17.39,17.48,1962411,4.0186
20170202,17.41,17.92,17.41,17.83,1895725,4.0997
20170203,17.83,17.84,17.57,17.65,992959,4.0582
20170207,17.88,18.22,17.69,18,3368032,4.1372
20170208,18.08,18.44,17.28,17.94,2674965,4.1234
20170209,17.56,18.4,17.56,18.2,4185706,4.1847
20170210,17.89,18.48,17.89,18.13,3180808,4.1669
20170213,17.94,18.22,17.86,18.11,1926533,4.1629
20170214,18.05,18.17,17.88,18.09,1463368,4.159
20170215,18.08,18.44,17.95,18.07,1250733,4.1531
20170216,17.72,18.7,17.72,18.57,2621875,4.2677
20170217,18.5,18.5,18.13,18.37,1647836,4.2222
20170220,18.45,18.6,18.07,18.32,250083,4.2124
20170221,18.36,18.79,18.14,18.22,7205887,4.1886
20170222,18.47,18.67,18.07,18.21,1142605,4.1867
20170223,18.36,18.42,18.07,18.36,946840,4.2203
20170224,18.09,18.29,18.06,18.14,2451157,3.4496
20170227,18.38,18.38,18.07,18.24,1653685,3.4692
20170228,18.24,18.24,17.65,17.78,2361125,3.3825
20170301,17.8,18.3,17.8,18.25,2835170,3.399
20170302,18.13,18.3,17.89,18.01,1407834,3.3541
20170303,18.02,18.44,17.93,18.38,1182817,3.423
20170306,18.29,18.6,18.23,18.28,334752,3.4054
20170307,18.44,18.47,17.94,18.09,2656086,3.3694
20170308,18.1,18.26,17.83,17.92,1795982,3.3383
20170309,17.93,18.21,17.75,18.16,1648953,3.3825
20170310,18.21,18.65,18.17,18.54,1382769,3.4528
20170313,18.88,18.88,17.75,17.92,1807798,3.3383
20170314,18,18.1,17.73,18.03,732779,3.358
20170315,17.94,18.04,17.82,17.93,1293041,3.34
20170316,17.84,18.09,17.74,18.05,1224366,3.3629
20170317,18.05,18.3,18.01,18.13,1659677,3.3776
20170321,18.13,18.52,18.11,18.22,1705782,3.3939
20170322,18.22,18.38,17.91,17.99,1718027,3.3514
20170323,17.99,18.24,17.94,17.98,628248,3.3498
20170324,17.98,18.18,17.8,17.88,1290338,3.3302
20170327,17.89,18.15,17.78,18.06,1586073,3.3645
20170328,18.11,18.11,17.66,17.98,10483866,3.3498
20170329,17.98,18.26,17.85,18.15,2269457,3.3809
20170330,18.13,18.42,18.09,18.18,2350502,3.3858
20170331,18.33,18.62,18.11,18.4,3993979,3.4267
20170403,18.44,19.12,18.4,18.97,3166055,3.533
20170404,18.88,19.19,18.49,19.17,2095979,3.5706
20170405,18.89,19.19,18.89,18.98,2760896,3.5346
20170406,18.98,19.13,18.83,18.86,2249408,3.5133
20170407,18.88,19.05,18.64,18.98,1301936,3.5362
20170410,19.07,19.19,18.72,18.81,1398225,3.5035
20170411,18.81,18.84,18.53,18.69,1182166,3.4823
20170412,18.69,18.74,18.16,18.42,1822365,3.4316
20170417,18.44,18.52,18.22,18.47,871708,3.4397
20170418,18.47,18.55,18.04,18.23,1091089,3.3956
20170419,18.25,18.25,18.02,18.18,1552902,3.3874
20170420,18.26,18.26,17.97,18.12,2702123,3.376
20170421,18.13,18.65,18.13,18.6,2336623,3.4643
20170424,18.6,18.75,18.4,18.51,1013985,3.4479
20170425,18.57,18.98,18.44,18.9,2644758,3.5199
20170426,18.66,19.01,18.35,18.68,1329943,3.479
20170427,18.68,18.86,18.56,18.66,2496994,3.4757
20170428,18.65,18.65,18.09,18.11,2396762,5.4291
20170502,18.2,18.47,18.12,18.31,3127498,5.487
20170503,18.53,18.75,18.11,18.25,2940277,5.4686
20170504,18.28,18.46,18.03,18.05,1845246,5.4107
20170505,18.31,18.33,18.08,18.15,7605413,5.3397
20170508,18.16,18.18,18.02,18.14,3122544,5.337
20170509,18.16,18.16,17.93,17.99,3144965,5.2923
20170510,17.99,18.11,17.99,18.09,1641791,5.3239
20170511,18.15,18.15,17.99,18.08,1593000,5.3186
20170512,18.08,18.15,17.98,18.07,1456766,5.316
20170515,18.29,18.29,18.07,18.15,3497832,5.3397
20170516,18.11,18.16,17.98,18.03,1946911,5.3055
20170517,18.05,18.05,17.8,17.89,2058376,5.2634
20170518,17.72,18.14,17.71,17.91,3922706,5.2712
20170519,17.91,17.99,17.79,17.91,3456926,5.2712
20170522,17.92,18.04,17.74,17.89,1325316,5.2634
20170523,18.5,18.5,17.53,17.83,1958564,5.2476
20170524,17.83,17.83,17.62,17.65,6804956,5.1923
20170525,17.71,17.86,17.38,17.49,1435112,5.1449
20170526,17.44,17.72,17.4,17.59,1503582,5.1765
20170529,17.68,17.68,17.52,17.6,137636,5.1791
20170530,17.62,17.62,17.47,17.57,1917741,5.1686
20170531,17.62,17.62,17.13,17.2,1962251,5.0607
20170601,17.22,17.69,17.13,17.46,1598174,5.137
20170602,17.47,17.62,17.27,17.39,1062868,5.116
20170605,17.4,17.7,17.38,17.56,3359625,5.166
20170606,17.59,17.62,17.22,17.42,4830075,5.1265
20170607,17.42,17.49,17.08,17.26,1547674,5.0791
20170608,17.35,17.48,17.21,17.46,3483891,5.137
20170609,17.38,17.71,17.35,17.59,3365928,5.1765
20170612,17.63,17.66,17.46,17.57,1381717,5.1712
20170613,17.58,18.16,17.58,18.02,1348858,5.3028
20170614,18.1,18.11,17.71,17.82,2738944,5.2449
20170615,17.83,17.84,17.54,17.71,2113684,5.2107
20170616,17.8,18.56,17.63,18.41,2361115,5.416
20170619,18.42,18.42,17.91,18.13,1484313,5.3344
20170620,18.13,18.62,18.11,18.42,4700007,5.4186
20170621,18.42,18.49,18.25,18.33,2289624,5.3923
20170622,18.31,18.6,18.29,18.5,1835050,5.4449
20170623,18.5,18.74,18.42,18.68,1961757,5.4976
20170626,18.59,19.03,18.54,19.01,4890706,5.5923
20170627,19.01,19.02,18.75,19.01,4275820,5.5949
20170628,19.01,19.27,19.01,19.1,2047355,5.6213
20170629,19.1,19.39,19.01,19.28,2415245,5.6739
20170630,19.19,19.3,18.97,19.2,3045124,5.6502
20170703,19.2,19.26,18.91,19.09,1590581,5.6186
20170704,19.09,19.18,18.94,19.04,891816,5.6028
20170705,19.04,19.31,18.87,19.17,774854,5.6397
20170706,19.18,19.22,18.92,19.03,1343169,5.6002
20170707,18.95,19.43,18.92,19.36,1614134,5.6976
20170710,19.18,19.33,19.01,19.24,2243007,5.6607
20170711,19.5,19.5,19.02,19.12,1948946,5.6265
20170712,19.13,19.35,19.05,19.24,1562370,5.6607
20170713,19.24,19.33,19.15,19.22,2284407,5.6555
20170714,19.03,19.6,19.01,19.43,4053870,5.7186
20170717,19.52,19.6,19.18,19.22,1007980,5.6555
20170718,19.23,19.39,19.14,19.22,1264044,5.6555
20170719,19.26,19.46,19.01,19.06,2228056,5.6081
20170720,19.09,19.31,19.06,19.2,2413643,5.6502
20170721,19.29,19.29,19.06,19.17,1013365,5.6397
20170724,19.18,19.42,19.05,19.37,1475924,5.7002
20170725,19.37,19.37,19.15,19.24,762527,5.6589
20170726,19.3,19.44,19.15,19.35,1449529,5.6905
20170727,19.35,19.59,19.18,19.51,1690498,5.7379
20170728,19.42,19.6,19.23,19.52,1290408,13.8547
20170731,19.61,19.68,19.01,19.67,2945388,13.9627
20170801,19.68,19.73,19.29,19.67,3378505,13.9968
20170802,19.68,19.76,19.52,19.68,4525288,14.0032
20170803,19.7,19.87,19.68,19.74,2160869,14.0478
20170804,19.75,19.86,19.68,19.78,1510893,13.8409
20170807,20.02,20.15,19.83,20.09,1541315,14.0541
20170808,20.07,20.83,20.05,20.16,3192463,14.105
20170809,20.16,20.74,20.1,20.39,2855915,14.2642
20170810,20.38,20.53,20.2,20.44,4694869,14.3024
20170811,20.42,20.91,20.37,20.86,1040455,14.5951
20170814,20.86,21.15,20.72,21.09,1287070,14.7543
20170815,21.09,21.38,21.09,21.21,2209397,14.8561
20170816,21.3,21.35,20.93,21.02,3864861,14.7034
20170817,21.1,21.28,20.62,20.92,2271368,14.6333
20170818,20.93,21.33,20.91,21.27,958060,14.8816
20170821,21.28,21.37,21.22,21.33,705486,14.9198
20170822,21.33,21.56,20.93,20.97,2515046,14.6715
20170823,21.12,21.45,21.03,21.26,854173,14.8752
20170824,21.29,21.45,21.12,21.3,1171124,14.9007
20170825,21.23,21.36,20.83,21.33,3716875,14.9198
20170828,21.33,21.33,20.93,21.24,1793563,14.8625
20170829,20.94,21.51,20.94,21.24,1297967,14.8625
20170830,21.13,21.45,21.05,21.33,2186022,14.9198
20170831,21.33,21.94,21.22,21.84,2335320,15.2762
20170901,21.94,21.96,21.65,21.87,1975311,15.3017
20170904,21.83,21.83,21.08,21.53,329175,15.0598
20170905,21.11,21.61,21.11,21.47,2743622,15.0216
20170906,21.47,21.82,21.38,21.64,2976005,15.1425
20170907,21.65,21.9,21.65,21.87,5035655,15.3017
20170908,21.84,21.84,21.48,21.68,11933899,15.168
20170911,21.68,21.96,21.49,21.9,1821387,15.3208
20170912,21.91,22.03,21.82,21.98,2138892,15.3781
20170913,21.93,21.98,21.46,21.9,2240596,15.3208
20170914,22,22,21.53,21.9,3174807,15.3208
20170915,21.91,22.01,21.73,21.98,5231707,15.3781
20170918,22,22,21.65,21.87,1430559,15.3017
20170919,21.84,22.07,21.84,21.97,1758824,15.3717
20170920,22.09,22.09,21.68,21.94,1435736,15.3462
20170921,21.93,22.03,21.74,21.97,2439878,15.3717
20170922,21.94,21.96,21.79,21.88,10614392,15.308
20170925,21.58,22.06,21.58,21.94,10862958,15.3526
20170926,21.94,22.02,21.65,21.86,1946169,15.2953
20170927,21.88,22.01,21.78,21.94,3384379,15.3462
20170928,21.93,21.97,21.74,21.88,13940013,15.308
20170929,21.88,22.02,21.85,21.94,2211192,15.3462
20171002,21.61,21.96,21.61,21.72,2237003,15.1935
20171003,21.74,21.82,21.47,21.61,7395805,15.1171
20171004,21.62,21.75,21.43,21.49,1246949,15.0343
20171005,21.43,21.7,21.05,21.23,929696,14.8561
20171006,21.15,21.26,20.94,21.01,1092271,14.697
20171009,20.93,21.02,20.39,20.63,2023693,14.436
20171010,20.64,20.65,20.33,20.45,2666692,14.3087
20171011,20.38,21.05,20.17,20.91,10314835,14.627
20171012,21.11,21.11,20.4,20.63,3148932,14.4297
20171013,20.63,20.92,20.43,20.51,711481,14.3469
20171016,20.52,20.93,20.4,20.53,1380987,14.366
20171017,20.46,20.65,20.12,20.44,1750929,14.3024
20171018,20.17,20.71,19.99,20.29,2179378,14.1941
20171019,20.2,20.46,20.06,20.33,3711432,14.226
20171020,20.03,21.16,20.03,20.58,5667163,14.3978
20171023,20.93,20.93,20.32,20.74,1362599,14.5124
20171024,20.73,21.37,20.73,21.23,1253052,14.8561
20171025,21.54,21.54,20.33,20.39,1256914,14.2642
20171026,20.47,21.19,20.46,20.89,4901488,14.6142
20171027,20.9,21.06,20.62,20.66,1076351,15.3795
20171030,20.68,20.85,20.14,20.26,748503,15.0815
20171031,20.47,21.08,20.26,20.93,750083,15.5759
20171101,20.93,21.13,20.56,20.72,580404,15.4201
20171103,20.32,20.93,20.32,20.78,3248171,15.4675
20171106,20.87,21.1,20.59,21.03,782771,15.6504
20171107,21.03,21.1,20.79,20.96,790247,15.6029
20171108,20.98,21.02,20.73,20.86,439313,15.2711
20171109,20.82,20.89,20.45,20.59,354160,15.0747
20171110,20.49,20.58,19.87,19.94,1461048,14.6007
20171113,19.94,20.46,19.81,20.15,682410,14.7564
20171114,20.16,20.27,19.95,20.05,1803319,14.6819
20171115,19.97,19.98,19.43,19.75,1644895,14.4652
20171116,19.8,20.12,19.46,19.55,834477,14.3162
20171117,19.58,20.43,19.56,20.28,1351762,14.8512
20171121,20.37,21.04,20.35,20.81,1207979,15.2373
20171122,20.72,20.9,20.14,20.37,638625,14.919
20171123,20.35,20.35,20.09,20.24,79279,14.8174
20171124,20.25,20.25,19.71,19.9,876876,14.5736
20171127,19.95,20.04,19.69,19.82,686876,14.5126
20171128,19.72,21.06,19.72,19.9,1068120,14.5736
20171129,20.09,20.53,19.88,20.1,2048912,14.7158
20171130,20,20.85,19.88,20.7,1665814,15.156
20171201,20.07,20.99,20.07,20.86,767140,15.2711
20171204,20.76,21.04,20.4,20.81,1504931,15.2373
20171205,20.72,21.23,20.54,20.99,1017547,15.3727
20171206,20.99,20.99,19.76,20.03,2518463,14.6684
20171207,20.03,20.3,19.88,19.91,1206107,14.5804
20171208,19.85,20.35,19.85,20.25,354070,14.8242
20171211,20.15,20.61,19.9,20.51,1027565,15.0205
20171213,20.49,21.07,20.16,20.25,5950953,14.8309
20171214,19.93,20.57,19.93,20.26,1430717,14.8377
20171215,20.25,20.59,20.2,20.26,1171519,14.8377
20171218,20.17,20.81,20.17,20.37,2003070,14.9122
20171219,20.27,20.71,19.8,19.85,3784448,14.533
20171220,19.94,20.07,19.45,19.53,3299773,14.3027
20171221,19.44,19.53,19.1,19.26,588003,14.0995
20171222,19.24,19.25,18.68,18.74,754280,13.7203
20171226,18.95,18.95,18.56,18.63,834078,13.639
20171227,18.64,18.82,18.61,18.64,383841,13.6458
20171228,18.59,19.09,18.52,18.8,893954,13.7677
20171229,18.83,19.41,18.83,19.19,361892,14.0521
20180102,19.2,19.7,19.15,19.31,957337,14.1873
20180103,19.3,19.65,19.3,19.44,1750580,14.2824
20180104,19.35,19.57,19.26,19.3,2774843,14.1805
20180105,19.26,19.63,19.13,19.51,975410,14.3368
20180108,19.52,19.7,19.25,19.41,2122373,14.262
20180109,19.41,19.47,19.14,19.18,1382574,14.0922
20180110,19.28,19.6,19.24,19.43,1453775,14.2756
20180111,19.38,19.7,19.33,19.5,1736200,14.3232
20180112,19.4,19.59,18.96,19.09,1484238,14.0242
20180115,19.1,19.33,19.1,19.22,198113,14.1193
20180116,19.17,19.41,19.05,19.16,380401,14.0786
20180117,19.1,19.32,18.74,19.14,2403345,14.065
20180118,19.19,19.6,19.05,19.41,855348,14.262
20180119,19.42,19.59,18.88,19.02,3244661,13.9766
20180122,19.03,19.24,18.89,18.95,543746,13.9223
20180123,19.14,19.14,18.68,18.86,738578,13.8543
20180124,18.91,19.23,18.74,19.18,1647927,14.0922
20180125,19.24,19.84,19.03,19.71,2367391,14.4794
20180126,19.7,20.07,19.38,19.53,767600,14.3504
20180129,19.63,19.72,19.05,19.23,750085,14.1261
20180130,19.22,19.37,18.85,19.27,458860,14.1601
20180131,19.26,19.26,18.92,19.03,2277260,13.9834
20180201,19.04,19.4,18.9,19.03,1007701,13.9834
20180202,19.04,19.24,18.73,19.06,776486,14.0038
20180206,18.81,19.33,18.03,19.05,1152419,13.997
20180207,19.1,19.42,18.62,18.73,1536889,13.7592
20180208,18.73,18.95,18.04,18.21,2103281,13.3787
20180209,18.23,18.52,17.95,18.48,1154270,13.5758
20180212,18.77,18.77,18.22,18.49,674205,13.5826
20180213,18.58,18.77,18.47,18.62,1596402,13.6777
20180214,18.63,19.1,18.52,19.02,677472,13.9698
20180215,18.64,19.27,18.64,19.11,351853,14.0378
20180216,19.14,19.29,18.91,18.96,285718,13.9291
20180219,18.86,18.87,18.75,18.77,64059,13.7932
20180220,18.77,18.77,18.56,18.69,362264,13.732
20180221,18.7,18.77,18.52,18.62,433894,13.6777
20180222,18.66,19.88,18.55,18.86,726263,13.8543
20180223,18.97,18.97,18.39,18.57,464742,NaN
20180226,18.5,18.59,18.37,18.44,505134,8.663
20180227,18.35,18.59,18.13,18.27,1073317,8.5805
20180228,18.47,18.5,18.33,18.46,8979434,8.6717
20180301,18.5,18.95,18.31,18.35,1908675,8.6196
20180302,18.31,18.7,18.31,18.55,590166,8.7151
20180305,18.37,19.24,18.37,18.97,1698182,8.9106
20180306,18.98,19.23,18.72,18.77,1060415,8.8194
20180307,18.71,19.27,18.71,19.19,1132728,8.8498
20180308,19.25,19.65,19.19,19.52,987409,9.0019
20180309,19.22,20.24,19.22,19.69,720999,9.0801
20180312,19.6,19.79,19.35,19.54,584864,9.0106
20180313,19.79,19.99,19.33,19.49,396720,8.9845
20180314,19.32,19.69,19.32,19.54,312598,9.0106
20180315,19.64,19.73,18.87,19.14,245871,8.8238
20180316,19.13,19.23,18.85,18.96,1252552,8.7412
20180320,19.03,19.13,18.73,18.87,10053383,8.7021
20180321,18.9,19.69,18.8,18.85,2215808,8.6891
20180322,18.95,19.47,18.85,19.31,2240431,8.902
20180323,19.36,19.54,19.01,19.18,819249,8.8411
20180326,19.22,19.4,18.86,19.23,651679,8.8672
20180327,19.22,19.46,19.13,19.25,495508,8.8759
20180328,19.32,19.49,19.08,19.24,516445,8.8715
20180402,19.29,19.55,18.27,18.4,1484431,8.4849
20180403,18.5,18.72,18.47,18.52,927560,8.537
20180404,18.55,18.94,18.52,18.88,1500513,8.7065
20180405,18.89,19.45,18.89,19.36,777649,8.928
20180406,19.27,19.41,19.08,19.33,485273,8.9106
20180409,19.33,19.33,19.08,19.17,501840,8.8368
20180410,18.94,19.34,18.91,18.98,519565,8.7499
20180411,18.98,19.14,18.57,18.78,436037,8.6587
20180412,18.79,19.13,18.78,19.1,964282,8.8064
20180413,19.1,19.79,18.88,19.34,1434763,8.9193
20180416,19.55,19.55,19.15,19.19,424981,8.8498
20180417,19.32,19.5,19.03,19.1,822423,8.8064
20180418,19.28,19.28,18.66,18.81,1621034,8.6717
20180419,18.9,19.01,18.15,18.44,1541919,8.5023
20180420,18.44,18.72,18.39,18.59,934958,8.5718
20180423,18.56,18.67,18.29,18.5,1265802,8.5283
20180424,18.5,18.66,18.25,18.49,510954,8.524
20180425,18.46,18.61,17.95,18.08,1161619,8.3372
20180426,18.14,18.14,17.31,17.8,1796627,8.2068
20180427,17.77,18.75,17.77,18.66,2180964,NaN
20180430,18.56,18.89,18.56,18.81,501166,NaN
20180502,18.83,19.65,18.57,19.37,1739660,6.6297
20180503,19.45,19.48,18.94,19.43,794751,6.6491
20180504,19.46,19.46,18.86,19.1,650565,6.5362
20180507,19.15,19.34,18.85,18.87,586134,6.4588
20180508,18.96,19.33,18.9,18.98,1568379,6.3685
20180509,19.02,19.05,18.64,18.87,965098,6.3331
20180510,18.89,19.48,18.89,19.27,944388,6.4653
20180511,19.32,19.7,18.93,19.68,1169828,6.6039
20180514,19.7,19.7,19.23,19.52,545969,6.5491
20180515,19.61,19.65,19.09,19.54,497680,6.5556
20180516,19.52,19.52,19.12,19.2,422883,6.4427
20180517,19.2,19.26,18.41,18.6,1934661,6.2428
20180518,18.64,18.64,17.79,17.95,1233322,6.0235
20180521,17.96,18.4,17.68,18.16,2136298,6.0945
20180522,18.19,18.79,18.08,18.59,1571953,6.2396
20180523,18.53,19.03,18.49,18.8,948830,6.3073
20180524,18.55,19.4,18.27,19.11,1375713,6.4137
20180525,19.21,19.39,19.08,19.14,520477,6.4234
20180528,19.21,19.35,18.99,19.09,187682,6.4072
20180529,19.12,19.22,18.65,19.14,1429607,6.4234
20180530,19.22,19.6,18.97,19.53,3204024,6.5523
20180531,19.49,20.04,19.33,19.71,1574979,6.6136
20180601,19.66,19.66,19.22,19.46,684210,6.5298
20180604,19.51,19.94,19.27,19.85,1051605,6.662
20180605,19.76,19.99,19.32,19.76,1394466,6.6297
20180606,19.8,19.88,19.32,19.72,990515,6.6168
20180607,19.62,20.18,19.22,19.33,1427916,6.4879
20180608,19.24,19.8,19.24,19.4,838773,6.5104
20180611,19.41,19.87,19.31,19.36,929397,6.4975
20180612,19.37,19.7,19.33,19.52,784266,6.5491
20180613,19.42,19.88,19.33,19.49,892444,6.5395
20180614,19.37,19.59,19.36,19.4,714045,6.5104
20180615,19.37,19.79,18.74,18.91,3832006,6.346
20180618,18.93,19.15,18.61,18.74,733497,6.2879
20180619,18.84,18.88,18.32,18.34,1070608,6.1525
20180620,18.43,18.84,18.38,18.72,1041611,6.2815
20180621,18.55,18.92,18.11,18.26,1050272,6.1267
20180622,18.35,18.8,18.31,18.48,508268,6.2009
20180625,18.93,18.96,18.29,18.74,512272,6.2879
20180626,18.41,18.86,18.36,18.55,1788414,6.2234
20180627,18.58,18.9,18.55,18.7,546929,6.275
20180628,18.74,19.11,18.62,18.82,969644,6.3137
20180629,18.78,19.01,18.58,18.92,972597,6.3492
20180702,18.96,19.2,18.6,19.03,792736,6.3847
20180703,19.12,19.7,19.12,19.53,1833183,6.5523
20180704,19.5,19.78,19.5,19.66,162722,6.5975
20180705,19.74,20.44,19.74,20.37,748281,6.8361
20180706,20.32,21.53,20.24,20.51,825983,6.8813
20180709,20.52,20.92,20,20.63,327043,6.9232
20180710,20.63,20.63,19.8,19.88,520028,6.6717
20180711,19.88,20.22,19.51,19.98,631542,6.7039
20180712,19.88,19.93,18.84,19.01,1285903,6.3782
20180713,19.1,19.42,18.85,19.39,452100,6.5072
20180716,19.29,19.38,19.05,19.13,243010,6.4201
20180717,19.18,19.22,18.84,18.98,1395671,6.3685
20180718,19.03,19.3,18.98,19.22,432381,6.4492
20180719,19.05,19.29,18.84,18.94,752679,6.3556
20180720,18.92,19.21,18.92,19.16,381170,6.4298
20180723,19.16,19.32,19.01,19.11,365797,6.4137
20180724,19.08,19.22,19.05,19.1,206049,6.4105
20180725,19.14,19.31,18.84,19.08,1880626,6.404
20180726,19.12,19.19,18.94,19.07,739768,6.3976
20180727,19.08,19.21,18.92,19.01,534901,6.3782
20180730,19.08,19.11,18.89,18.95,603950,3.4293
20180731,18.99,19.7,18.86,19.43,2924247,3.5163
20180801,19.58,19.78,19.06,19.2,1076770,3.4745
20180802,19.24,19.41,19.03,19.12,398949,3.4606
20180803,19.22,19.63,19.22,19.44,4419035,3.518
20180806,19.36,20.06,19.18,19.72,570570,3.5685
20180807,19.82,20.66,19.8,20.17,1631420,3.6502
20180808,20.21,20.27,19.65,19.87,663654,3.5285
20180809,19.93,20.44,19.51,19.71,372773,3.5006
20180810,19.61,19.78,19.22,19.34,908414,3.4346
20180813,19.56,19.56,19.12,19.34,724863,3.4346
20180814,19.41,19.78,19.34,19.61,1728662,3.4832
20180815,19.57,20.17,19.45,19.59,847646,3.4798
20180816,19.62,20.73,19.58,20.26,1538575,3.598
20180817,20.26,20.71,19.91,20.24,705649,3.5945
20180820,20.24,20.7,20.01,20.18,1489742,3.5841
20180821,20.32,21,20.24,20.41,1328975,3.6241
20180822,20.43,21.04,20.43,20.66,984825,3.6693
20180823,20.63,21.36,20.63,21.12,938340,3.7511
20180824,21.1,21.74,20.39,21.08,1528255,3.7441
20180827,21.09,21.15,20.38,20.53,1391441,3.6467
20180828,20.63,20.9,20.28,20.41,810556,3.6241
20180829,20.42,20.65,20.37,20.51,760271,3.6432
20180830,20.55,20.76,20.4,20.65,505572,3.6676
20180831,20.65,21.15,20.45,20.64,1836455,3.6658
20180903,20.72,21.43,20.66,21.05,106840,3.7389
20180904,21.04,21.27,20.38,20.45,544001,3.6328
20180905,20.46,21.14,20.46,21.05,625036,3.7389
20180906,21.07,21.44,20.78,21.13,526931,3.7528
20180907,21.13,21.54,20.57,21.45,1447152,3.8102
20180910,21.54,21.73,21.45,21.62,1074839,3.8397
20180911,21.64,21.73,21.25,21.65,927401,3.845
20180912,21.74,22.33,21.56,21.95,488062,3.8989
20180913,21.86,22.23,21.75,21.95,2369762,3.8989
20180914,21.85,22.41,21.54,22.16,434440,3.9354
20180917,22.25,22.42,21.95,22.13,386343,3.9302
20180918,22.05,22.33,21.74,22.03,1006726,3.9128
20180919,22.09,22.37,21.66,22.04,1241894,3.9145
20180920,22.1,22.39,22.03,22.27,1693346,3.9545
20180921,22.18,22.29,21.56,21.93,1919894,3.8954
20180924,22.01,22.32,21.17,21.48,1826822,3.8154
20180925,21.21,21.64,21.02,21.14,989170,3.7545
20180926,21.22,21.86,21.15,21.39,1713852,3.798
20180927,21.5,21.72,21.19,21.48,606031,3.8041
20180928,21.51,22.23,21.39,21.91,532842,3.8804
20181001,21.99,22.42,21.56,22.17,284838,3.9254
20181002,22.22,22.47,21.93,22.36,756480,3.9601
20181003,22.39,22.41,21.93,21.97,2552716,3.8908
20181004,22.05,22.3,21.55,21.78,767696,3.8561
20181005,21.97,22.72,21.79,22.17,1384052,3.9254
20181008,22.25,22.71,21.89,22.05,590078,3.9046
20181009,22.11,22.42,21.16,22.37,1486672,3.9618
20181010,22.3,22.3,21.25,21.33,559497,3.7763
20181011,21.41,21.65,21,21.29,1306920,3.7694
20181012,21.28,21.36,20.33,20.43,753641,3.6168
20181015,20.52,20.68,19.93,20.23,966009,3.5821
20181016,20.38,20.68,20.18,20.43,2282157,3.6168
20181017,20.46,21.39,20.25,20.96,919916,3.7122
20181018,20.6,20.93,20.06,20.12,917071,3.5631
20181019,20.13,20.85,19.95,20.12,4738418,3.5631
20181022,20.13,20.42,19.74,19.79,746082,3.5041
20181023,19.72,20.45,19.39,19.91,766640,3.5249
20181024,19.93,19.98,19.25,19.34,1028103,3.4244
20181025,19.34,20.36,19.09,19.88,697259,3.5197
20181026,19.88,20.7,19.88,20.47,1382162,NaN
20181029,20.59,21.44,19.4,19.84,1591805,5.2827
20181030,19.75,19.98,19.02,19.72,1819419,5.2072
20181031,19.63,20.11,19.2,19.37,565320,5.1141
20181101,19.41,19.46,18.5,19.17,3109317,5.0624
20181105,19.2,20.09,19.19,19.66,597872,5.1917
20181106,20.11,20.11,18.87,18.87,1169992,5.0883
20181107,19.4,19.68,19.12,19.52,1312652,5.0469
20181108,19.46,19.69,19.01,19.08,4854704,4.9332
20181109,19.08,19.68,17.8,19.27,2791487,4.9823
20181112,19.31,19.97,19.3,19.48,496617,5.0366
20181113,19.5,20.05,19.3,19.49,3377205,5.0392
20181114,19.4,19.8,19.1,19.53,758928,5.0495
20181115,19.38,19.81,19.38,19.62,1038576,5.0728
20181116,19.68,19.81,19.49,19.72,2028190,5.0986
20181120,19.41,19.81,18.97,19.07,1087983,4.9306
20181121,19.07,19.52,18.9,19.16,3087167,4.9538
20181122,19.07,19.44,19.07,19.12,10544,4.9435
20181123,19.23,19.33,18.13,18.27,573544,4.7237
20181126,18.32,18.32,17.85,18,1176511,4.6539
20181127,18.06,18.19,17.21,17.75,1502471,4.5893
20181128,17.82,19,17.82,18.8,2035407,4.8608
20181129,18.85,19.2,18,18.3,1997586,4.7315
20181130,18.2,18.7,17.52,17.8,2321177,4.6022
20181203,17.9,18.5,17.9,18.06,1307648,4.6694
20181204,18.1,18.27,17.25,17.58,2167268,4.5453
20181205,17.99,17.99,17.5,17.8,743545,4.6022
20181206,17.83,18.19,17.35,18.06,1531431,4.6694
20181207,18.1,18.14,17.53,17.61,1491693,4.5531
20181210,17.6,17.74,17.33,17.44,1347392,4.5091
20181211,17.59,17.79,17.41,17.63,1807931,4.5583
20181213,17.8,17.8,17.3,17.61,1233423,4.5531
20181214,17.54,17.8,17.34,17.67,601112,4.5686
20181217,17.74,17.95,17.57,17.69,442951,4.5738
20181218,17.71,18.18,17.69,18.08,900503,4.6746
20181219,18,18.38,17.82,18.07,1687828,4.672
20181220,18.11,18.8,18,18.35,829051,4.7444
20181221,18.24,18.87,18.24,18.64,2671603,4.8194
20181224,18.6,18.61,18.12,18.25,280899,4.7186
20181226,18.18,18.18,17.76,17.88,579089,4.6229
20181227,17.89,18,17.56,17.98,1820038,4.6487
20181228,18.1,18.1,17.56,17.62,247097,4.5557
20181231,17.8,17.85,17.6,17.69,98004,4.5738
20190102,17.65,17.99,17.62,17.8,1212534,4.6022
20190103,17.82,18.45,17.7,18.36,1377256,4.747
20190104,18.38,18.89,18.11,18.36,451323,4.747
20190107,18.25,18.36,17.97,18.18,1068001,4.7005
20190108,18.23,18.79,18.18,18.43,1402793,4.7651
20190109,18.47,19.2,18.02,18.48,843981,4.778
20190110,18.5,19.46,18.49,19.3,1070546,4.99
20190111,19.22,19.23,18.57,18.71,740499,4.8375
20190114,18.78,19.4,18.7,19.09,715596,4.9357
20190115,19.24,19.5,18.86,19.03,698354,4.9202
